"TOWNCODE","PERIOD","AGE","CASE","POP"
"10010010","1995-1999","40-44",7,6174
"10010010","1995-1999","45-49",58,137046
"10010010","1995-1999","50-54",23,36958
"10010010","1995-1999","55-59",33,49314
"10010010","1995-1999","60-64",6,8989
"10010010","1995-1999","65-69",16,16887
"10010010","1995-1999","70-74",45,35827
"10010010","1995-1999","75-79",16,9032
"10010010","1995-1999","80-84",85,35776
"10010010","2000-2004","40-44",22,39454
"10010010","2000-2004","45-49",46,83259
"10010010","2000-2004","50-54",45,56853
"10010010","2000-2004","55-59",20,19027
"10010010","2000-2004","60-64",30,30796
"10010010","2000-2004","65-69",68,52952
"10010010","2000-2004","70-74",217,136811
"10010010","2000-2004","75-79",68,35027
"10010010","2000-2004","80-84",63,28463
"10010010","2005-2009","40-44",10,38717
"10010010","2005-2009","45-49",37,56693
"10010010","2005-2009","50-54",195,251188
"10010010","2005-2009","55-59",16,23498
"10010010","2005-2009","60-64",12,9508
"10010010","2005-2009","65-69",97,68675
"10010010","2005-2009","70-74",60,36750
"10010010","2005-2009","75-79",93,51667
"10010010","2005-2009","80-84",114,36088
"10010010","2010-2014","40-44",9,16160
"10010010","2010-2014","45-49",15,24811
"10010010","2010-2014","50-54",176,264092
"10010010","2010-2014","55-59",69,50811
"10010010","2010-2014","60-64",59,47362
"10010010","2010-2014","65-69",57,30342
"10010010","2010-2014","70-74",810,428093
"10010010","2010-2014","75-79",38,17042
"10010010","2010-2014","80-84",54,18488
"10010010","2015-2019","40-44",11,41638
"10010010","2015-2019","45-49",27,69559
"10010010","2015-2019","50-54",44,57351
"10010010","2015-2019","55-59",60,43000
"10010010","2015-2019","60-64",18,12961
"10010010","2015-2019","65-69",27,16167
"10010010","2015-2019","70-74",18,10637
"10010010","2015-2019","75-79",336,126844
"10010010","2015-2019","80-84",181,65281
"10010020","1995-1999","40-44",20,58213
"10010020","1995-1999","45-49",14,21447
"10010020","1995-1999","50-54",4,8205
"10010020","1995-1999","55-59",24,33492
"10010020","1995-1999","60-64",22,14944
"10010020","1995-1999","65-69",33,30717
"10010020","1995-1999","70-74",24,22742
"10010020","1995-1999","75-79",30,16102
"10010020","1995-1999","80-84",346,125649
"10010020","2000-2004","40-44",3,16068
"10010020","2000-2004","45-49",47,60053
"10010020","2000-2004","50-54",32,48177
"10010020","2000-2004","55-59",43,43222
"10010020","2000-2004","60-64",42,35248
"10010020","2000-2004","65-69",121,88530
"10010020","2000-2004","70-74",17,9311
"10010020","2000-2004","75-79",32,16223
"10010020","2000-2004","80-84",59,25855
"10010020","2005-2009","40-44",23,42387
"10010020","2005-2009","45-49",18,39729
"10010020","2005-2009","50-54",80,99967
"10010020","2005-2009","55-59",38,28566
"10010020","2005-2009","60-64",104,100690
"10010020","2005-2009","65-69",56,37085
"10010020","2005-2009","70-74",91,47923
"10010020","2005-2009","75-79",134,77703
"10010020","2005-2009","80-84",80,28210
"10010020","2010-2014","40-44",8,23528
"10010020","2010-2014","45-49",16,25105
"10010020","2010-2014","50-54",14,19026
"10010020","2010-2014","55-59",35,26057
"10010020","2010-2014","60-64",30,20913
"10010020","2010-2014","65-69",33,31618
"10010020","2010-2014","70-74",98,51725
"10010020","2010-2014","75-79",7,6356
"10010020","2010-2014","80-84",300,112438
"10010020","2015-2019","40-44",32,85425
"10010020","2015-2019","45-49",30,55242
"10010020","2015-2019","50-54",5,11273
"10010020","2015-2019","55-59",27,20965
"10010020","2015-2019","60-64",12,7056
"10010020","2015-2019","65-69",173,89131
"10010020","2015-2019","70-74",173,82901
"10010020","2015-2019","75-79",162,69669
"10010020","2015-2019","80-84",694,232729
"10010030","1995-1999","40-44",6,15810
"10010030","1995-1999","45-49",27,43500
"10010030","1995-1999","50-54",11,17251
"10010030","1995-1999","55-59",88,101117
"10010030","1995-1999","60-64",186,204931
"10010030","1995-1999","65-69",223,187625
"10010030","1995-1999","70-74",27,22910
"10010030","1995-1999","75-79",51,24138
"10010030","1995-1999","80-84",104,51180
"10010030","2000-2004","40-44",35,60973
"10010030","2000-2004","45-49",19,27409
"10010030","2000-2004","50-54",9,12440
"10010030","2000-2004","55-59",38,39780
"10010030","2000-2004","60-64",42,30028
"10010030","2000-2004","65-69",25,24277
"10010030","2000-2004","70-74",85,51764
"10010030","2000-2004","75-79",65,29634
"10010030","2000-2004","80-84",120,43987
"10010030","2005-2009","40-44",17,40433
"10010030","2005-2009","45-49",6,8910
"10010030","2005-2009","50-54",21,16846
"10010030","2005-2009","55-59",64,56966
"10010030","2005-2009","60-64",87,64121
"10010030","2005-2009","65-69",179,120389
"10010030","2005-2009","70-74",12,7724
"10010030","2005-2009","75-79",25,15438
"10010030","2005-2009","80-84",66,32960
"10010030","2010-2014","40-44",5,6517
"10010030","2010-2014","45-49",37,52703
"10010030","2010-2014","50-54",3,8412
"10010030","2010-2014","55-59",18,16772
"10010030","2010-2014","60-64",125,88423
"10010030","2010-2014","65-69",57,35103
"10010030","2010-2014","70-74",18,10493
"10010030","2010-2014","75-79",169,65338
"10010030","2010-2014","80-84",149,57004
"10010030","2015-2019","40-44",19,43932
"10010030","2015-2019","45-49",50,62828
"10010030","2015-2019","50-54",39,35926
"10010030","2015-2019","55-59",17,17567
"10010030","2015-2019","60-64",152,101421
"10010030","2015-2019","65-69",45,26243
"10010030","2015-2019","70-74",120,55485
"10010030","2015-2019","75-79",20,5171
"10010030","2015-2019","80-84",535,175995
"10010040","1995-1999","40-44",6,13129
"10010040","1995-1999","45-49",13,19399
"10010040","1995-1999","50-54",6,7205
"10010040","1995-1999","55-59",14,19309
"10010040","1995-1999","60-64",18,16987
"10010040","1995-1999","65-69",34,41347
"10010040","1995-1999","70-74",93,56585
"10010040","1995-1999","75-79",177,73512
"10010040","1995-1999","80-84",98,32686
"10010040","2000-2004","40-44",18,54735
"10010040","2000-2004","45-49",8,13875
"10010040","2000-2004","50-54",43,63493
"10010040","2000-2004","55-59",13,13747
"10010040","2000-2004","60-64",26,30538
"10010040","2000-2004","65-69",32,23945
"10010040","2000-2004","70-74",65,36933
"10010040","2000-2004","75-79",98,50742
"10010040","2000-2004","80-84",56,15290
"10010040","2005-2009","40-44",38,138516
"10010040","2005-2009","45-49",20,39741
"10010040","2005-2009","50-54",4,16416
"10010040","2005-2009","55-59",54,49163
"10010040","2005-2009","60-64",27,22773
"10010040","2005-2009","65-69",428,312130
"10010040","2005-2009","70-74",347,212287
"10010040","2005-2009","75-79",130,61657
"10010040","2005-2009","80-84",74,30981
"10010040","2010-2014","40-44",5,9805
"10010040","2010-2014","45-49",7,18880
"10010040","2010-2014","50-54",25,54229
"10010040","2010-2014","55-59",15,14936
"10010040","2010-2014","60-64",12,10147
"10010040","2010-2014","65-69",168,127035
"10010040","2010-2014","70-74",66,33579
"10010040","2010-2014","75-79",78,35610
"10010040","2010-2014","80-84",405,141244
"10010040","2015-2019","40-44",26,94121
"10010040","2015-2019","45-49",8,17929
"10010040","2015-2019","50-54",28,66117
"10010040","2015-2019","55-59",59,82394
"10010040","2015-2019","60-64",47,43397
"10010040","2015-2019","65-69",47,30086
"10010040","2015-2019","70-74",77,45820
"10010040","2015-2019","75-79",354,149433
"10010040","2015-2019","80-84",23,5209
"10010050","1995-1999","40-44",4,7125
"10010050","1995-1999","45-49",7,20583
"10010050","1995-1999","50-54",37,71159
"10010050","1995-1999","55-59",23,21436
"10010050","1995-1999","60-64",24,25530
"10010050","1995-1999","65-69",28,22162
"10010050","1995-1999","70-74",79,46736
"10010050","1995-1999","75-79",176,86831
"10010050","1995-1999","80-84",251,89274
"10010050","2000-2004","40-44",32,100176
"10010050","2000-2004","45-49",10,28924
"10010050","2000-2004","50-54",28,52819
"10010050","2000-2004","55-59",22,31953
"10010050","2000-2004","60-64",18,16767
"10010050","2000-2004","65-69",12,10299
"10010050","2000-2004","70-74",60,30747
"10010050","2000-2004","75-79",329,163564
"10010050","2000-2004","80-84",27,10114
"10010050","2005-2009","40-44",7,32955
"10010050","2005-2009","45-49",2,14467
"10010050","2005-2009","50-54",44,62688
"10010050","2005-2009","55-59",110,128945
"10010050","2005-2009","60-64",16,17301
"10010050","2005-2009","65-69",50,26173
"10010050","2005-2009","70-74",128,71054
"10010050","2005-2009","75-79",45,22891
"10010050","2005-2009","80-84",93,32113
"10010050","2010-2014","40-44",18,52472
"10010050","2010-2014","45-49",13,45035
"10010050","2010-2014","50-54",32,45682
"10010050","2010-2014","55-59",49,70343
"10010050","2010-2014","60-64",57,61297
"10010050","2010-2014","65-69",487,361981
"10010050","2010-2014","70-74",25,10378
"10010050","2010-2014","75-79",69,26858
"10010050","2010-2014","80-84",23,7571
"10010050","2015-2019","40-44",4,12440
"10010050","2015-2019","45-49",10,30749
"10010050","2015-2019","50-54",37,72456
"10010050","2015-2019","55-59",16,24740
"10010050","2015-2019","60-64",29,23081
"10010050","2015-2019","65-69",92,62744
"10010050","2015-2019","70-74",93,46298
"10010050","2015-2019","75-79",37,13466
"10010050","2015-2019","80-84",65,20797
"10010060","1995-1999","40-44",18,47804
"10010060","1995-1999","45-49",24,53734
"10010060","1995-1999","50-54",4,6965
"10010060","1995-1999","55-59",14,21460
"10010060","1995-1999","60-64",25,23706
"10010060","1995-1999","65-69",84,59761
"10010060","1995-1999","70-74",12,7651
"10010060","1995-1999","75-79",133,67337
"10010060","1995-1999","80-84",69,23983
"10010060","2000-2004","40-44",16,54146
"10010060","2000-2004","45-49",7,19153
"10010060","2000-2004","50-54",53,96138
"10010060","2000-2004","55-59",4,7245
"10010060","2000-2004","60-64",115,110942
"10010060","2000-2004","65-69",79,75705
"10010060","2000-2004","70-74",42,23846
"10010060","2000-2004","75-79",88,47239
"10010060","2000-2004","80-84",102,35423
"10010060","2005-2009","40-44",12,52245
"10010060","2005-2009","45-49",53,121367
"10010060","2005-2009","50-54",3,14210
"10010060","2005-2009","55-59",48,55355
"10010060","2005-2009","60-64",59,45015
"10010060","2005-2009","65-69",68,64545
"10010060","2005-2009","70-74",56,37790
"10010060","2005-2009","75-79",33,18128
"10010060","2005-2009","80-84",154,61929
"10010060","2010-2014","40-44",7,29059
"10010060","2010-2014","45-49",9,34336
"10010060","2010-2014","50-54",63,117623
"10010060","2010-2014","55-59",18,22254
"10010060","2010-2014","60-64",10,16114
"10010060","2010-2014","65-69",12,11479
"10010060","2010-2014","70-74",21,16983
"10010060","2010-2014","75-79",37,15804
"10010060","2010-2014","80-84",52,21201
"10010060","2015-2019","40-44",51,159821
"10010060","2015-2019","45-49",7,12999
"10010060","2015-2019","50-54",36,92337
"10010060","2015-2019","55-59",17,26852
"10010060","2015-2019","60-64",27,32042
"10010060","2015-2019","65-69",139,101031
"10010060","2015-2019","70-74",15,6963
"10010060","2015-2019","75-79",40,27503
"10010060","2015-2019","80-84",124,44177
"10010070","1995-1999","40-44",6,15830
"10010070","1995-1999","45-49",77,161999
"10010070","1995-1999","50-54",32,58639
"10010070","1995-1999","55-59",6,11149
"10010070","1995-1999","60-64",51,55531
"10010070","1995-1999","65-69",258,233498
"10010070","1995-1999","70-74",106,68811
"10010070","1995-1999","75-79",587,287467
"10010070","1995-1999","80-84",10,5220
"10010070","2000-2004","40-44",17,48333
"10010070","2000-2004","45-49",4,13320
"10010070","2000-2004","50-54",29,46393
"10010070","2000-2004","55-59",8,9647
"10010070","2000-2004","60-64",77,78732
"10010070","2000-2004","65-69",63,54558
"10010070","2000-2004","70-74",77,52052
"10010070","2000-2004","75-79",134,63055
"10010070","2000-2004","80-84",32,14140
"10010070","2005-2009","40-44",9,32860
"10010070","2005-2009","45-49",54,102644
"10010070","2005-2009","50-54",5,19968
"10010070","2005-2009","55-59",10,13766
"10010070","2005-2009","60-64",62,51859
"10010070","2005-2009","65-69",16,9166
"10010070","2005-2009","70-74",52,32106
"10010070","2005-2009","75-79",265,117960
"10010070","2005-2009","80-84",75,27870
"10010070","2010-2014","40-44",8,24807
"10010070","2010-2014","45-49",25,65065
"10010070","2010-2014","50-54",38,71218
"10010070","2010-2014","55-59",42,46393
"10010070","2010-2014","60-64",54,43744
"10010070","2010-2014","65-69",34,25072
"10010070","2010-2014","70-74",57,33496
"10010070","2010-2014","75-79",157,88348
"10010070","2010-2014","80-84",160,63407
"10010070","2015-2019","40-44",8,37476
"10010070","2015-2019","45-49",5,20798
"10010070","2015-2019","50-54",11,26352
"10010070","2015-2019","55-59",58,77233
"10010070","2015-2019","60-64",17,15029
"10010070","2015-2019","65-69",115,73363
"10010070","2015-2019","70-74",41,23668
"10010070","2015-2019","75-79",165,80731
"10010070","2015-2019","80-84",115,40887
"10010080","1995-1999","40-44",19,59632
"10010080","1995-1999","45-49",11,16556
"10010080","1995-1999","50-54",10,16555
"10010080","1995-1999","55-59",87,107230
"10010080","1995-1999","60-64",26,26347
"10010080","1995-1999","65-69",28,29581
"10010080","1995-1999","70-74",297,221501
"10010080","1995-1999","75-79",270,141723
"10010080","1995-1999","80-84",133,56054
"10010080","2000-2004","40-44",19,46908
"10010080","2000-2004","45-49",12,32383
"10010080","2000-2004","50-54",45,79994
"10010080","2000-2004","55-59",39,46811
"10010080","2000-2004","60-64",42,46721
"10010080","2000-2004","65-69",61,47816
"10010080","2000-2004","70-74",43,31516
"10010080","2000-2004","75-79",253,132141
"10010080","2000-2004","80-84",100,47321
"10010080","2005-2009","40-44",3,14847
"10010080","2005-2009","45-49",52,103261
"10010080","2005-2009","50-54",21,41148
"10010080","2005-2009","55-59",94,111657
"10010080","2005-2009","60-64",139,135739
"10010080","2005-2009","65-69",125,95466
"10010080","2005-2009","70-74",77,52179
"10010080","2005-2009","75-79",76,37863
"10010080","2005-2009","80-84",64,26341
"10010080","2010-2014","40-44",9,16248
"10010080","2010-2014","45-49",26,57992
"10010080","2010-2014","50-54",31,50235
"10010080","2010-2014","55-59",15,18843
"10010080","2010-2014","60-64",67,53856
"10010080","2010-2014","65-69",24,13954
"10010080","2010-2014","70-74",55,33893
"10010080","2010-2014","75-79",119,57686
"10010080","2010-2014","80-84",241,97803
"10010080","2015-2019","40-44",9,18046
"10010080","2015-2019","45-49",8,14498
"10010080","2015-2019","50-54",44,57725
"10010080","2015-2019","55-59",69,74339
"10010080","2015-2019","60-64",93,84221
"10010080","2015-2019","65-69",57,37884
"10010080","2015-2019","70-74",17,13509
"10010080","2015-2019","75-79",38,16330
"10010080","2015-2019","80-84",502,175884
"10010090","1995-1999","40-44",17,32698
"10010090","1995-1999","45-49",13,27038
"10010090","1995-1999","50-54",31,51278
"10010090","1995-1999","55-59",11,20291
"10010090","1995-1999","60-64",35,43739
"10010090","1995-1999","65-69",17,24294
"10010090","1995-1999","70-74",50,36346
"10010090","1995-1999","75-79",26,15525
"10010090","1995-1999","80-84",178,69460
"10010090","2000-2004","40-44",46,101480
"10010090","2000-2004","45-49",52,102295
"10010090","2000-2004","50-54",30,41682
"10010090","2000-2004","55-59",8,10351
"10010090","2000-2004","60-64",33,36954
"10010090","2000-2004","65-69",63,62759
"10010090","2000-2004","70-74",66,47774
"10010090","2000-2004","75-79",85,56353
"10010090","2000-2004","80-84",164,60825
"10010090","2005-2009","40-44",2,22611
"10010090","2005-2009","45-49",32,62736
"10010090","2005-2009","50-54",69,75379
"10010090","2005-2009","55-59",37,46573
"10010090","2005-2009","60-64",14,7950
"10010090","2005-2009","65-69",61,39578
"10010090","2005-2009","70-74",84,52911
"10010090","2005-2009","75-79",41,16053
"10010090","2005-2009","80-84",27,14676
"10010090","2010-2014","40-44",15,45387
"10010090","2010-2014","45-49",15,32702
"10010090","2010-2014","50-54",6,7595
"10010090","2010-2014","55-59",24,24443
"10010090","2010-2014","60-64",39,34781
"10010090","2010-2014","65-69",159,104496
"10010090","2010-2014","70-74",78,45310
"10010090","2010-2014","75-79",59,31253
"10010090","2010-2014","80-84",166,63512
"10010090","2015-2019","40-44",5,16218
"10010090","2015-2019","45-49",3,8399
"10010090","2015-2019","50-54",10,21882
"10010090","2015-2019","55-59",36,50100
"10010090","2015-2019","60-64",69,72548
"10010090","2015-2019","65-69",103,73960
"10010090","2015-2019","70-74",28,16646
"10010090","2015-2019","75-79",112,46271
"10010090","2015-2019","80-84",59,21286
"10010100","1995-1999","40-44",139,266048
"10010100","1995-1999","45-49",21,34416
"10010100","1995-1999","50-54",32,32961
"10010100","1995-1999","55-59",8,5879
"10010100","1995-1999","60-64",61,57779
"10010100","1995-1999","65-69",17,12857
"10010100","1995-1999","70-74",128,79399
"10010100","1995-1999","75-79",22,9642
"10010100","1995-1999","80-84",127,46264
"10010100","2000-2004","40-44",40,71067
"10010100","2000-2004","45-49",45,52305
"10010100","2000-2004","50-54",10,12111
"10010100","2000-2004","55-59",15,13212
"10010100","2000-2004","60-64",76,54007
"10010100","2000-2004","65-69",53,33077
"10010100","2000-2004","70-74",20,15026
"10010100","2000-2004","75-79",25,13056
"10010100","2000-2004","80-84",261,102188
"10010100","2005-2009","40-44",12,11229
"10010100","2005-2009","45-49",73,89018
"10010100","2005-2009","50-54",7,12261
"10010100","2005-2009","55-59",83,66527
"10010100","2005-2009","60-64",277,188563
"10010100","2005-2009","65-69",29,24112
"10010100","2005-2009","70-74",10,5227
"10010100","2005-2009","75-79",175,80676
"10010100","2005-2009","80-84",175,68577
"10010100","2010-2014","40-44",5,9393
"10010100","2010-2014","45-49",8,12619
"10010100","2010-2014","50-54",21,16588
"10010100","2010-2014","55-59",17,7159
"10010100","2010-2014","60-64",12,7615
"10010100","2010-2014","65-69",36,20662
"10010100","2010-2014","70-74",55,32542
"10010100","2010-2014","75-79",53,21614
"10010100","2010-2014","80-84",513,173935
"10010100","2015-2019","40-44",28,67950
"10010100","2015-2019","45-49",64,68313
"10010100","2015-2019","50-54",23,26907
"10010100","2015-2019","55-59",59,39301
"10010100","2015-2019","60-64",56,30221
"10010100","2015-2019","65-69",75,34740
"10010100","2015-2019","70-74",28,11335
"10010100","2015-2019","75-79",42,12058
"10010100","2015-2019","80-84",294,76523
"10010110","1995-1999","40-44",17,31643
"10010110","1995-1999","45-49",9,19786
"10010110","1995-1999","50-54",29,30333
"10010110","1995-1999","55-59",31,25607
"10010110","1995-1999","60-64",23,25878
"10010110","1995-1999","65-69",24,25637
"10010110","1995-1999","70-74",167,110102
"10010110","1995-1999","75-79",10,5366
"10010110","1995-1999","80-84",10,4181
"10010110","2000-2004","40-44",45,88592
"10010110","2000-2004","45-49",17,26289
"10010110","2000-2004","50-54",70,74835
"10010110","2000-2004","55-59",77,63642
"10010110","2000-2004","60-64",23,18002
"10010110","2000-2004","65-69",17,15583
"10010110","2000-2004","70-74",47,24821
"10010110","2000-2004","75-79",85,43530
"10010110","2000-2004","80-84",338,150290
"10010110","2005-2009","40-44",14,10710
"10010110","2005-2009","45-49",17,28546
"10010110","2005-2009","50-54",16,25080
"10010110","2005-2009","55-59",36,29576
"10010110","2005-2009","60-64",14,12160
"10010110","2005-2009","65-69",59,31215
"10010110","2005-2009","70-74",11,11249
"10010110","2005-2009","75-79",63,35284
"10010110","2005-2009","80-84",419,155944
"10010110","2010-2014","40-44",47,93802
"10010110","2010-2014","45-49",41,48206
"10010110","2010-2014","50-54",23,32425
"10010110","2010-2014","55-59",83,64322
"10010110","2010-2014","60-64",111,71088
"10010110","2010-2014","65-69",43,16809
"10010110","2010-2014","70-74",192,95241
"10010110","2010-2014","75-79",15,7505
"10010110","2010-2014","80-84",296,109519
"10010110","2015-2019","40-44",1,3736
"10010110","2015-2019","45-49",12,15820
"10010110","2015-2019","50-54",42,34354
"10010110","2015-2019","55-59",26,21768
"10010110","2015-2019","60-64",124,86937
"10010110","2015-2019","65-69",176,83722
"10010110","2015-2019","70-74",144,56935
"10010110","2015-2019","75-79",604,193970
"10010110","2015-2019","80-84",25,6872
"10010120","1995-1999","40-44",62,114081
"10010120","1995-1999","45-49",62,99024
"10010120","1995-1999","50-54",24,30030
"10010120","1995-1999","55-59",43,39080
"10010120","1995-1999","60-64",30,27751
"10010120","1995-1999","65-69",30,19704
"10010120","1995-1999","70-74",117,83139
"10010120","1995-1999","75-79",38,16504
"10010120","1995-1999","80-84",288,108173
"10010120","2000-2004","40-44",38,64907
"10010120","2000-2004","45-49",37,58892
"10010120","2000-2004","50-54",33,43515
"10010120","2000-2004","55-59",9,9153
"10010120","2000-2004","60-64",138,123328
"10010120","2000-2004","65-69",215,134971
"10010120","2000-2004","70-74",102,54368
"10010120","2000-2004","75-79",125,54840
"10010120","2000-2004","80-84",251,86404
"10010120","2005-2009","40-44",37,101247
"10010120","2005-2009","45-49",27,51199
"10010120","2005-2009","50-54",46,45603
"10010120","2005-2009","55-59",27,32354
"10010120","2005-2009","60-64",95,67246
"10010120","2005-2009","65-69",47,31731
"10010120","2005-2009","70-74",24,9442
"10010120","2005-2009","75-79",637,293467
"10010120","2005-2009","80-84",328,117097
"10010120","2010-2014","40-44",9,34675
"10010120","2010-2014","45-49",14,24572
"10010120","2010-2014","50-54",67,83380
"10010120","2010-2014","55-59",15,9223
"10010120","2010-2014","60-64",26,20816
"10010120","2010-2014","65-69",48,32220
"10010120","2010-2014","70-74",39,17874
"10010120","2010-2014","75-79",63,24967
"10010120","2010-2014","80-84",69,21122
"10010120","2015-2019","40-44",34,129350
"10010120","2015-2019","45-49",16,35585
"10010120","2015-2019","50-54",21,48283
"10010120","2015-2019","55-59",32,35574
"10010120","2015-2019","60-64",235,164358
"10010120","2015-2019","65-69",11,6766
"10010120","2015-2019","70-74",90,29641
"10010120","2015-2019","75-79",55,25760
"10010120","2015-2019","80-84",140,43924
"10010130","1995-1999","40-44",20,35878
"10010130","1995-1999","45-49",51,95201
"10010130","1995-1999","50-54",26,29312
"10010130","1995-1999","55-59",32,24923
"10010130","1995-1999","60-64",31,26866
"10010130","1995-1999","65-69",68,51597
"10010130","1995-1999","70-74",646,366831
"10010130","1995-1999","75-79",715,306367
"10010130","1995-1999","80-84",233,77522
"10010130","2000-2004","40-44",29,65267
"10010130","2000-2004","45-49",29,61171
"10010130","2000-2004","50-54",67,83658
"10010130","2000-2004","55-59",25,26691
"10010130","2000-2004","60-64",45,36962
"10010130","2000-2004","65-69",33,22510
"10010130","2000-2004","70-74",56,25955
"10010130","2000-2004","75-79",6,2694
"10010130","2000-2004","80-84",94,32005
"10010130","2005-2009","40-44",9,17932
"10010130","2005-2009","45-49",3,10728
"10010130","2005-2009","50-54",24,36565
"10010130","2005-2009","55-59",19,13832
"10010130","2005-2009","60-64",42,23397
"10010130","2005-2009","65-69",32,19081
"10010130","2005-2009","70-74",60,33727
"10010130","2005-2009","75-79",363,140605
"10010130","2005-2009","80-84",401,124153
"10010130","2010-2014","40-44",6,14509
"10010130","2010-2014","45-49",22,58637
"10010130","2010-2014","50-54",57,118448
"10010130","2010-2014","55-59",65,61435
"10010130","2010-2014","60-64",71,45835
"10010130","2010-2014","65-69",47,18262
"10010130","2010-2014","70-74",62,23852
"10010130","2010-2014","75-79",119,36975
"10010130","2010-2014","80-84",50,19991
"10010130","2015-2019","40-44",11,41320
"10010130","2015-2019","45-49",19,47447
"10010130","2015-2019","50-54",2,4813
"10010130","2015-2019","55-59",89,92436
"10010130","2015-2019","60-64",20,12671
"10010130","2015-2019","65-69",100,47376
"10010130","2015-2019","70-74",74,32662
"10010130","2015-2019","75-79",334,98992
"10010130","2015-2019","80-84",568,153619
"10010140","1995-1999","40-44",13,29287
"10010140","1995-1999","45-49",27,41844
"10010140","1995-1999","50-54",22,28839
"10010140","1995-1999","55-59",173,164155
"10010140","1995-1999","60-64",94,80582
"10010140","1995-1999","65-69",16,9781
"10010140","1995-1999","70-74",50,22871
"10010140","1995-1999","75-79",81,28582
"10010140","1995-1999","80-84",458,127669
"10010140","2000-2004","40-44",17,24087
"10010140","2000-2004","45-49",28,50359
"10010140","2000-2004","50-54",200,238222
"10010140","2000-2004","55-59",69,60748
"10010140","2000-2004","60-64",22,14924
"10010140","2000-2004","65-69",39,19630
"10010140","2000-2004","70-74",50,27508
"10010140","2000-2004","75-79",79,27806
"10010140","2000-2004","80-84",105,27054
"10010140","2005-2009","40-44",53,123397
"10010140","2005-2009","45-49",27,65678
"10010140","2005-2009","50-54",48,44758
"10010140","2005-2009","55-59",5,6792
"10010140","2005-2009","60-64",29,14541
"10010140","2005-2009","65-69",53,26871
"10010140","2005-2009","70-74",135,68668
"10010140","2005-2009","75-79",168,61998
"10010140","2005-2009","80-84",82,23810
"10010140","2010-2014","40-44",15,35114
"10010140","2010-2014","45-49",2,12970
"10010140","2010-2014","50-54",19,27158
"10010140","2010-2014","55-59",68,59292
"10010140","2010-2014","60-64",30,23531
"10010140","2010-2014","65-69",37,14358
"10010140","2010-2014","70-74",164,59302
"10010140","2010-2014","75-79",98,32747
"10010140","2010-2014","80-84",163,38831
"10010140","2015-2019","40-44",10,19610
"10010140","2015-2019","45-49",12,11672
"10010140","2015-2019","50-54",12,14295
"10010140","2015-2019","55-59",14,11443
"10010140","2015-2019","60-64",81,60416
"10010140","2015-2019","65-69",18,7953
"10010140","2015-2019","70-74",82,32159
"10010140","2015-2019","75-79",135,37732
"10010140","2015-2019","80-84",98,24265
"10010150","1995-1999","40-44",28,74238
"10010150","1995-1999","45-49",25,33789
"10010150","1995-1999","50-54",22,26256
"10010150","1995-1999","55-59",11,14723
"10010150","1995-1999","60-64",6,5315
"10010150","1995-1999","65-69",179,92151
"10010150","1995-1999","70-74",238,99467
"10010150","1995-1999","75-79",46,15410
"10010150","1995-1999","80-84",125,32150
"10010150","2000-2004","40-44",9,11164
"10010150","2000-2004","45-49",22,37367
"10010150","2000-2004","50-54",38,48485
"10010150","2000-2004","55-59",50,54926
"10010150","2000-2004","60-64",161,121824
"10010150","2000-2004","65-69",158,79766
"10010150","2000-2004","70-74",29,14390
"10010150","2000-2004","75-79",57,22329
"10010150","2000-2004","80-84",173,48914
"10010150","2005-2009","40-44",20,57541
"10010150","2005-2009","45-49",11,10511
"10010150","2005-2009","50-54",25,25084
"10010150","2005-2009","55-59",18,15598
"10010150","2005-2009","60-64",91,64556
"10010150","2005-2009","65-69",33,14863
"10010150","2005-2009","70-74",60,26563
"10010150","2005-2009","75-79",66,20962
"10010150","2005-2009","80-84",111,27074
"10010150","2010-2014","40-44",28,59729
"10010150","2010-2014","45-49",22,44230
"10010150","2010-2014","50-54",43,51360
"10010150","2010-2014","55-59",35,33530
"10010150","2010-2014","60-64",14,12087
"10010150","2010-2014","65-69",65,36118
"10010150","2010-2014","70-74",110,54186
"10010150","2010-2014","75-79",233,69772
"10010150","2010-2014","80-84",326,86454
"10010150","2015-2019","40-44",18,54029
"10010150","2015-2019","45-49",25,45544
"10010150","2015-2019","50-54",34,52501
"10010150","2015-2019","55-59",39,36640
"10010150","2015-2019","60-64",37,23414
"10010150","2015-2019","65-69",56,27143
"10010150","2015-2019","70-74",166,66101
"10010150","2015-2019","75-79",111,36123
"10010150","2015-2019","80-84",101,27192
"10010160","1995-1999","40-44",5,19348
"10010160","1995-1999","45-49",35,56569
"10010160","1995-1999","50-54",44,46896
"10010160","1995-1999","55-59",29,37076
"10010160","1995-1999","60-64",26,18223
"10010160","1995-1999","65-69",65,48170
"10010160","1995-1999","70-74",73,33091
"10010160","1995-1999","75-79",46,15239
"10010160","1995-1999","80-84",141,37154
"10010160","2000-2004","40-44",52,131041
"10010160","2000-2004","45-49",44,79096
"10010160","2000-2004","50-54",53,58189
"10010160","2000-2004","55-59",88,75042
"10010160","2000-2004","60-64",19,8223
"10010160","2000-2004","65-69",115,75021
"10010160","2000-2004","70-74",204,93390
"10010160","2000-2004","75-79",173,53013
"10010160","2000-2004","80-84",155,40882
"10010160","2005-2009","40-44",1,7600
"10010160","2005-2009","45-49",12,28343
"10010160","2005-2009","50-54",22,23877
"10010160","2005-2009","55-59",74,90180
"10010160","2005-2009","60-64",89,61564
"10010160","2005-2009","65-69",91,41992
"10010160","2005-2009","70-74",27,12285
"10010160","2005-2009","75-79",104,34551
"10010160","2005-2009","80-84",86,20572
"10010160","2010-2014","40-44",74,196926
"10010160","2010-2014","45-49",25,48669
"10010160","2010-2014","50-54",68,95511
"10010160","2010-2014","55-59",21,19881
"10010160","2010-2014","60-64",42,25972
"10010160","2010-2014","65-69",30,14571
"10010160","2010-2014","70-74",46,11952
"10010160","2010-2014","75-79",71,24686
"10010160","2010-2014","80-84",275,66526
"10010160","2015-2019","40-44",28,66653
"10010160","2015-2019","45-49",5,15810
"10010160","2015-2019","50-54",5,11212
"10010160","2015-2019","55-59",43,41825
"10010160","2015-2019","60-64",272,191519
"10010160","2015-2019","65-69",19,10731
"10010160","2015-2019","70-74",69,27502
"10010160","2015-2019","75-79",255,72959
"10010160","2015-2019","80-84",63,15530
"10010170","1995-1999","40-44",11,19685
"10010170","1995-1999","45-49",14,18412
"10010170","1995-1999","50-54",15,19018
"10010170","1995-1999","55-59",87,70046
"10010170","1995-1999","60-64",8,10965
"10010170","1995-1999","65-69",29,16480
"10010170","1995-1999","70-74",200,97167
"10010170","1995-1999","75-79",221,93295
"10010170","1995-1999","80-84",93,31368
"10010170","2000-2004","40-44",6,28325
"10010170","2000-2004","45-49",26,35457
"10010170","2000-2004","50-54",27,37795
"10010170","2000-2004","55-59",15,12573
"10010170","2000-2004","60-64",84,64861
"10010170","2000-2004","65-69",38,23368
"10010170","2000-2004","70-74",144,69067
"10010170","2000-2004","75-79",333,139488
"10010170","2000-2004","80-84",432,144001
"10010170","2005-2009","40-44",43,166222
"10010170","2005-2009","45-49",33,67585
"10010170","2005-2009","50-54",33,42707
"10010170","2005-2009","55-59",19,26306
"10010170","2005-2009","60-64",104,64014
"10010170","2005-2009","65-69",88,49109
"10010170","2005-2009","70-74",395,166784
"10010170","2005-2009","75-79",96,37240
"10010170","2005-2009","80-84",12,4847
"10010170","2010-2014","40-44",27,96341
"10010170","2010-2014","45-49",4,12774
"10010170","2010-2014","50-54",38,45385
"10010170","2010-2014","55-59",39,40733
"10010170","2010-2014","60-64",55,30519
"10010170","2010-2014","65-69",20,9674
"10010170","2010-2014","70-74",112,39258
"10010170","2010-2014","75-79",251,77268
"10010170","2010-2014","80-84",732,184327
"10010170","2015-2019","40-44",4,9733
"10010170","2015-2019","45-49",10,28387
"10010170","2015-2019","50-54",23,39867
"10010170","2015-2019","55-59",27,33389
"10010170","2015-2019","60-64",101,83558
"10010170","2015-2019","65-69",48,26485
"10010170","2015-2019","70-74",161,64084
"10010170","2015-2019","75-79",31,9232
"10010170","2015-2019","80-84",227,55076
"10010180","1995-1999","40-44",12,20808
"10010180","1995-1999","45-49",32,44080
"10010180","1995-1999","50-54",48,41525
"10010180","1995-1999","55-59",60,50108
"10010180","1995-1999","60-64",54,34059
"10010180","1995-1999","65-69",132,66288
"10010180","1995-1999","70-74",54,19030
"10010180","1995-1999","75-79",256,62409
"10010180","1995-1999","80-84",365,74688
"10010180","2000-2004","40-44",33,70019
"10010180","2000-2004","45-49",19,22309
"10010180","2000-2004","50-54",23,22718
"10010180","2000-2004","55-59",54,44124
"10010180","2000-2004","60-64",306,191748
"10010180","2000-2004","65-69",31,17137
"10010180","2000-2004","70-74",66,21596
"10010180","2000-2004","75-79",64,16028
"10010180","2000-2004","80-84",238,42382
"10010180","2005-2009","40-44",20,41396
"10010180","2005-2009","45-49",18,25907
"10010180","2005-2009","50-54",11,14162
"10010180","2005-2009","55-59",92,74894
"10010180","2005-2009","60-64",14,9350
"10010180","2005-2009","65-69",52,20737
"10010180","2005-2009","70-74",268,94760
"10010180","2005-2009","75-79",90,29484
"10010180","2005-2009","80-84",115,27105
"10010180","2010-2014","40-44",30,60406
"10010180","2010-2014","45-49",13,20037
"10010180","2010-2014","50-54",74,77708
"10010180","2010-2014","55-59",17,13936
"10010180","2010-2014","60-64",73,43244
"10010180","2010-2014","65-69",81,41379
"10010180","2010-2014","70-74",49,15699
"10010180","2010-2014","75-79",37,9588
"10010180","2010-2014","80-84",142,27060
"10010180","2015-2019","40-44",37,91103
"10010180","2015-2019","45-49",50,78273
"10010180","2015-2019","50-54",17,24719
"10010180","2015-2019","55-59",264,236820
"10010180","2015-2019","60-64",79,43610
"10010180","2015-2019","65-69",22,14115
"10010180","2015-2019","70-74",311,97993
"10010180","2015-2019","75-79",49,11974
"10010180","2015-2019","80-84",106,23926
"10020010","1995-1999","40-44",7,20428
"10020010","1995-1999","45-49",9,13728
"10020010","1995-1999","50-54",5,12403
"10020010","1995-1999","55-59",42,58333
"10020010","1995-1999","60-64",77,62332
"10020010","1995-1999","65-69",180,141711
"10020010","1995-1999","70-74",152,100352
"10020010","1995-1999","75-79",85,33506
"10020010","1995-1999","80-84",321,112785
"10020010","2000-2004","40-44",6,17001
"10020010","2000-2004","45-49",3,4287
"10020010","2000-2004","50-54",20,26957
"10020010","2000-2004","55-59",52,49762
"10020010","2000-2004","60-64",27,20944
"10020010","2000-2004","65-69",71,41747
"10020010","2000-2004","70-74",120,66854
"10020010","2000-2004","75-79",116,51321
"10020010","2000-2004","80-84",30,10565
"10020010","2005-2009","40-44",23,77969
"10020010","2005-2009","45-49",14,24806
"10020010","2005-2009","50-54",55,73290
"10020010","2005-2009","55-59",10,11219
"10020010","2005-2009","60-64",30,24367
"10020010","2005-2009","65-69",84,66713
"10020010","2005-2009","70-74",37,25867
"10020010","2005-2009","75-79",29,13165
"10020010","2005-2009","80-84",63,21504
"10020010","2010-2014","40-44",4,13340
"10020010","2010-2014","45-49",36,93307
"10020010","2010-2014","50-54",34,43830
"10020010","2010-2014","55-59",32,30921
"10020010","2010-2014","60-64",72,51761
"10020010","2010-2014","65-69",244,143836
"10020010","2010-2014","70-74",18,12828
"10020010","2010-2014","75-79",176,74711
"10020010","2010-2014","80-84",218,73567
"10020010","2015-2019","40-44",9,31300
"10020010","2015-2019","45-49",18,52635
"10020010","2015-2019","50-54",58,91000
"10020010","2015-2019","55-59",81,98640
"10020010","2015-2019","60-64",143,106643
"10020010","2015-2019","65-69",72,52099
"10020010","2015-2019","70-74",73,28820
"10020010","2015-2019","75-79",49,19190
"10020010","2015-2019","80-84",31,13958
"10020020","1995-1999","40-44",6,24863
"10020020","1995-1999","45-49",7,15113
"10020020","1995-1999","50-54",28,40893
"10020020","1995-1999","55-59",11,18545
"10020020","1995-1999","60-64",34,31912
"10020020","1995-1999","65-69",52,55241
"10020020","1995-1999","70-74",23,15125
"10020020","1995-1999","75-79",10,6691
"10020020","1995-1999","80-84",114,45220
"10020020","2000-2004","40-44",8,20811
"10020020","2000-2004","45-49",13,19490
"10020020","2000-2004","50-54",32,48351
"10020020","2000-2004","55-59",31,30326
"10020020","2000-2004","60-64",66,65253
"10020020","2000-2004","65-69",28,20198
"10020020","2000-2004","70-74",8,4653
"10020020","2000-2004","75-79",76,35222
"10020020","2000-2004","80-84",71,29959
"10020020","2005-2009","40-44",12,32527
"10020020","2005-2009","45-49",22,45916
"10020020","2005-2009","50-54",12,16006
"10020020","2005-2009","55-59",33,33289
"10020020","2005-2009","60-64",25,19605
"10020020","2005-2009","65-69",30,20166
"10020020","2005-2009","70-74",114,61754
"10020020","2005-2009","75-79",150,62759
"10020020","2005-2009","80-84",95,33643
"10020020","2010-2014","40-44",28,93651
"10020020","2010-2014","45-49",10,27025
"10020020","2010-2014","50-54",6,13248
"10020020","2010-2014","55-59",20,28811
"10020020","2010-2014","60-64",125,113284
"10020020","2010-2014","65-69",21,14174
"10020020","2010-2014","70-74",29,13835
"10020020","2010-2014","75-79",336,148697
"10020020","2010-2014","80-84",52,21898
"10020020","2015-2019","40-44",6,31090
"10020020","2015-2019","45-49",11,40374
"10020020","2015-2019","50-54",4,4501
"10020020","2015-2019","55-59",12,25894
"10020020","2015-2019","60-64",60,56118
"10020020","2015-2019","65-69",33,17671
"10020020","2015-2019","70-74",140,66326
"10020020","2015-2019","75-79",68,22905
"10020020","2015-2019","80-84",520,169525
"67000010","1995-1999","40-44",9,12557
"67000010","1995-1999","45-49",21,25382
"67000010","1995-1999","50-54",35,24240
"67000010","1995-1999","55-59",41,40050
"67000010","1995-1999","60-64",532,375825
"67000010","1995-1999","65-69",113,94785
"67000010","1995-1999","70-74",49,40736
"67000010","1995-1999","75-79",112,57006
"67000010","1995-1999","80-84",66,24679
"67000010","2000-2004","40-44",8,6317
"67000010","2000-2004","45-49",28,33236
"67000010","2000-2004","50-54",23,21714
"67000010","2000-2004","55-59",12,8554
"67000010","2000-2004","60-64",144,83710
"67000010","2000-2004","65-69",280,150257
"67000010","2000-2004","70-74",31,14144
"67000010","2000-2004","75-79",22,9579
"67000010","2000-2004","80-84",45,15692
"67000010","2005-2009","40-44",75,105361
"67000010","2005-2009","45-49",13,14151
"67000010","2005-2009","50-54",72,64672
"67000010","2005-2009","55-59",99,67722
"67000010","2005-2009","60-64",45,23757
"67000010","2005-2009","65-69",135,65231
"67000010","2005-2009","70-74",632,273873
"67000010","2005-2009","75-79",391,157020
"67000010","2005-2009","80-84",28,13350
"67000010","2010-2014","40-44",16,44293
"67000010","2010-2014","45-49",10,12070
"67000010","2010-2014","50-54",76,75372
"67000010","2010-2014","55-59",87,44417
"67000010","2010-2014","60-64",58,24997
"67000010","2010-2014","65-69",249,91138
"67000010","2010-2014","70-74",45,18081
"67000010","2010-2014","75-79",49,11574
"67000010","2010-2014","80-84",115,39463
"67000010","2015-2019","40-44",1,8817
"67000010","2015-2019","45-49",21,29269
"67000010","2015-2019","50-54",51,50950
"67000010","2015-2019","55-59",27,20480
"67000010","2015-2019","60-64",69,28795
"67000010","2015-2019","65-69",35,10969
"67000010","2015-2019","70-74",24,7381
"67000010","2015-2019","75-79",34,10830
"67000010","2015-2019","80-84",554,130872
"67000020","1995-1999","40-44",3,12831
"67000020","1995-1999","45-49",99,120729
"67000020","1995-1999","50-54",31,25896
"67000020","1995-1999","55-59",88,68598
"67000020","1995-1999","60-64",29,28672
"67000020","1995-1999","65-69",18,16892
"67000020","1995-1999","70-74",46,28683
"67000020","1995-1999","75-79",145,77338
"67000020","1995-1999","80-84",134,51682
"67000020","2000-2004","40-44",22,30175
"67000020","2000-2004","45-49",63,73441
"67000020","2000-2004","50-54",73,74887
"67000020","2000-2004","55-59",22,14533
"67000020","2000-2004","60-64",410,270093
"67000020","2000-2004","65-69",22,9320
"67000020","2000-2004","70-74",85,46205
"67000020","2000-2004","75-79",51,29719
"67000020","2000-2004","80-84",74,29152
"67000020","2005-2009","40-44",27,61432
"67000020","2005-2009","45-49",12,17895
"67000020","2005-2009","50-54",89,66174
"67000020","2005-2009","55-59",170,101865
"67000020","2005-2009","60-64",28,15101
"67000020","2005-2009","65-69",62,24794
"67000020","2005-2009","70-74",46,18483
"67000020","2005-2009","75-79",142,56417
"67000020","2005-2009","80-84",29,13870
"67000020","2010-2014","40-44",26,40350
"67000020","2010-2014","45-49",7,10781
"67000020","2010-2014","50-54",42,39858
"67000020","2010-2014","55-59",28,20812
"67000020","2010-2014","60-64",206,105021
"67000020","2010-2014","65-69",97,42982
"67000020","2010-2014","70-74",110,38770
"67000020","2010-2014","75-79",72,25586
"67000020","2010-2014","80-84",296,91740
"67000020","2015-2019","40-44",22,67317
"67000020","2015-2019","45-49",140,207186
"67000020","2015-2019","50-54",41,39630
"67000020","2015-2019","55-59",55,37653
"67000020","2015-2019","60-64",49,19201
"67000020","2015-2019","65-69",86,30739
"67000020","2015-2019","70-74",145,41979
"67000020","2015-2019","75-79",262,72846
"67000020","2015-2019","80-84",453,110900
"67000030","1995-1999","40-44",11,23232
"67000030","1995-1999","45-49",6,6521
"67000030","1995-1999","50-54",23,18377
"67000030","1995-1999","55-59",30,42832
"67000030","1995-1999","60-64",145,97499
"67000030","1995-1999","65-69",109,69623
"67000030","1995-1999","70-74",29,13001
"67000030","1995-1999","75-79",118,60867
"67000030","1995-1999","80-84",39,15471
"67000030","2000-2004","40-44",16,29677
"67000030","2000-2004","45-49",34,39501
"67000030","2000-2004","50-54",24,25964
"67000030","2000-2004","55-59",24,16874
"67000030","2000-2004","60-64",32,25680
"67000030","2000-2004","65-69",66,37208
"67000030","2000-2004","70-74",38,23533
"67000030","2000-2004","75-79",72,25467
"67000030","2000-2004","80-84",16,9166
"67000030","2005-2009","40-44",6,28861
"67000030","2005-2009","45-49",12,22561
"67000030","2005-2009","50-54",59,74232
"67000030","2005-2009","55-59",55,40146
"67000030","2005-2009","60-64",102,69396
"67000030","2005-2009","65-69",130,66050
"67000030","2005-2009","70-74",408,153992
"67000030","2005-2009","75-79",73,37059
"67000030","2005-2009","80-84",118,41767
"67000030","2010-2014","40-44",26,95975
"67000030","2010-2014","45-49",21,45572
"67000030","2010-2014","50-54",8,13103
"67000030","2010-2014","55-59",14,14079
"67000030","2010-2014","60-64",75,40173
"67000030","2010-2014","65-69",35,17720
"67000030","2010-2014","70-74",104,36575
"67000030","2010-2014","75-79",714,226368
"67000030","2010-2014","80-84",138,43767
"67000030","2015-2019","40-44",20,78344
"67000030","2015-2019","45-49",13,28489
"67000030","2015-2019","50-54",18,19899
"67000030","2015-2019","55-59",9,6214
"67000030","2015-2019","60-64",37,24593
"67000030","2015-2019","65-69",197,86912
"67000030","2015-2019","70-74",153,62237
"67000030","2015-2019","75-79",54,14746
"67000030","2015-2019","80-84",128,33018
"67000040","1995-1999","40-44",74,109782
"67000040","1995-1999","45-49",324,362111
"67000040","1995-1999","50-54",45,36277
"67000040","1995-1999","55-59",50,27013
"67000040","1995-1999","60-64",59,34683
"67000040","1995-1999","65-69",41,22129
"67000040","1995-1999","70-74",77,39538
"67000040","1995-1999","75-79",175,84942
"67000040","1995-1999","80-84",96,40651
"67000040","2000-2004","40-44",27,52307
"67000040","2000-2004","45-49",7,10158
"67000040","2000-2004","50-54",57,45049
"67000040","2000-2004","55-59",53,32933
"67000040","2000-2004","60-64",41,20089
"67000040","2000-2004","65-69",242,121070
"67000040","2000-2004","70-74",24,9324
"67000040","2000-2004","75-79",98,48766
"67000040","2000-2004","80-84",61,24063
"67000040","2005-2009","40-44",35,82607
"67000040","2005-2009","45-49",30,39201
"67000040","2005-2009","50-54",32,25391
"67000040","2005-2009","55-59",23,18830
"67000040","2005-2009","60-64",32,16035
"67000040","2005-2009","65-69",46,26110
"67000040","2005-2009","70-74",95,32750
"67000040","2005-2009","75-79",131,42341
"67000040","2005-2009","80-84",147,42816
"67000040","2010-2014","40-44",49,153940
"67000040","2010-2014","45-49",31,47438
"67000040","2010-2014","50-54",33,27738
"67000040","2010-2014","55-59",10,7641
"67000040","2010-2014","60-64",32,17029
"67000040","2010-2014","65-69",146,49890
"67000040","2010-2014","70-74",116,34134
"67000040","2010-2014","75-79",105,25202
"67000040","2010-2014","80-84",223,60374
"67000040","2015-2019","40-44",6,15798
"67000040","2015-2019","45-49",19,49472
"67000040","2015-2019","50-54",7,5328
"67000040","2015-2019","55-59",37,28233
"67000040","2015-2019","60-64",159,80342
"67000040","2015-2019","65-69",51,13364
"67000040","2015-2019","70-74",241,65353
"67000040","2015-2019","75-79",127,28045
"67000040","2015-2019","80-84",732,130556
"67000050","1995-1999","40-44",3,6528
"67000050","1995-1999","45-49",33,57368
"67000050","1995-1999","50-54",53,54981
"67000050","1995-1999","55-59",56,54148
"67000050","1995-1999","60-64",30,29860
"67000050","1995-1999","65-69",91,62535
"67000050","1995-1999","70-74",205,144199
"67000050","1995-1999","75-79",52,32531
"67000050","1995-1999","80-84",156,51557
"67000050","2000-2004","40-44",12,18278
"67000050","2000-2004","45-49",36,44836
"67000050","2000-2004","50-54",36,33048
"67000050","2000-2004","55-59",43,29737
"67000050","2000-2004","60-64",25,14245
"67000050","2000-2004","65-69",23,20881
"67000050","2000-2004","70-74",132,84027
"67000050","2000-2004","75-79",35,15257
"67000050","2000-2004","80-84",50,20699
"67000050","2005-2009","40-44",24,42722
"67000050","2005-2009","45-49",109,121522
"67000050","2005-2009","50-54",187,159683
"67000050","2005-2009","55-59",95,65775
"67000050","2005-2009","60-64",29,16333
"67000050","2005-2009","65-69",42,18378
"67000050","2005-2009","70-74",318,153992
"67000050","2005-2009","75-79",108,47856
"67000050","2005-2009","80-84",83,35549
"67000050","2010-2014","40-44",20,70023
"67000050","2010-2014","45-49",28,39108
"67000050","2010-2014","50-54",228,231991
"67000050","2010-2014","55-59",139,100178
"67000050","2010-2014","60-64",100,63912
"67000050","2010-2014","65-69",146,68299
"67000050","2010-2014","70-74",88,24634
"67000050","2010-2014","75-79",180,63475
"67000050","2010-2014","80-84",326,111265
"67000050","2015-2019","40-44",25,82074
"67000050","2015-2019","45-49",82,167171
"67000050","2015-2019","50-54",60,46198
"67000050","2015-2019","55-59",25,17341
"67000050","2015-2019","60-64",40,23192
"67000050","2015-2019","65-69",17,5061
"67000050","2015-2019","70-74",112,38723
"67000050","2015-2019","75-79",141,43262
"67000050","2015-2019","80-84",100,20716
"67000060","1995-1999","40-44",17,28199
"67000060","1995-1999","45-49",9,12168
"67000060","1995-1999","50-54",41,37969
"67000060","1995-1999","55-59",48,32487
"67000060","1995-1999","60-64",7,6517
"67000060","1995-1999","65-69",8,6300
"67000060","1995-1999","70-74",92,51770
"67000060","1995-1999","75-79",212,100503
"67000060","1995-1999","80-84",162,64246
"67000060","2000-2004","40-44",48,100917
"67000060","2000-2004","45-49",44,61252
"67000060","2000-2004","50-54",58,62199
"67000060","2000-2004","55-59",35,19987
"67000060","2000-2004","60-64",75,40152
"67000060","2000-2004","65-69",98,46119
"67000060","2000-2004","70-74",124,53464
"67000060","2000-2004","75-79",87,29784
"67000060","2000-2004","80-84",57,23035
"67000060","2005-2009","40-44",25,56715
"67000060","2005-2009","45-49",42,59321
"67000060","2005-2009","50-54",118,117172
"67000060","2005-2009","55-59",56,41254
"67000060","2005-2009","60-64",101,49485
"67000060","2005-2009","65-69",70,25587
"67000060","2005-2009","70-74",181,55803
"67000060","2005-2009","75-79",108,31871
"67000060","2005-2009","80-84",56,14932
"67000060","2010-2014","40-44",17,76356
"67000060","2010-2014","45-49",28,54721
"67000060","2010-2014","50-54",56,49111
"67000060","2010-2014","55-59",63,42281
"67000060","2010-2014","60-64",79,32878
"67000060","2010-2014","65-69",306,134814
"67000060","2010-2014","70-74",82,22190
"67000060","2010-2014","75-79",440,126863
"67000060","2010-2014","80-84",407,99351
"67000060","2015-2019","40-44",6,35738
"67000060","2015-2019","45-49",16,53264
"67000060","2015-2019","50-54",16,16242
"67000060","2015-2019","55-59",29,29086
"67000060","2015-2019","60-64",75,51801
"67000060","2015-2019","65-69",91,34627
"67000060","2015-2019","70-74",499,143542
"67000060","2015-2019","75-79",37,12925
"67000060","2015-2019","80-84",505,93559
"67000070","1995-1999","40-44",9,9520
"67000070","1995-1999","45-49",36,43601
"67000070","1995-1999","50-54",148,135872
"67000070","1995-1999","55-59",26,27308
"67000070","1995-1999","60-64",27,16058
"67000070","1995-1999","65-69",63,34552
"67000070","1995-1999","70-74",77,39237
"67000070","1995-1999","75-79",168,88956
"67000070","1995-1999","80-84",195,72420
"67000070","2000-2004","40-44",9,14120
"67000070","2000-2004","45-49",31,50536
"67000070","2000-2004","50-54",19,18107
"67000070","2000-2004","55-59",37,31241
"67000070","2000-2004","60-64",55,28000
"67000070","2000-2004","65-69",133,69185
"67000070","2000-2004","70-74",230,99249
"67000070","2000-2004","75-79",171,78851
"67000070","2000-2004","80-84",111,42436
"67000070","2005-2009","40-44",5,16087
"67000070","2005-2009","45-49",53,65553
"67000070","2005-2009","50-54",170,172489
"67000070","2005-2009","55-59",46,41377
"67000070","2005-2009","60-64",40,28220
"67000070","2005-2009","65-69",208,82164
"67000070","2005-2009","70-74",144,51034
"67000070","2005-2009","75-79",63,20305
"67000070","2005-2009","80-84",92,31342
"67000070","2010-2014","40-44",22,85560
"67000070","2010-2014","45-49",17,36733
"67000070","2010-2014","50-54",24,35775
"67000070","2010-2014","55-59",26,19299
"67000070","2010-2014","60-64",55,25078
"67000070","2010-2014","65-69",83,29124
"67000070","2010-2014","70-74",70,17613
"67000070","2010-2014","75-79",261,67798
"67000070","2010-2014","80-84",121,32171
"67000070","2015-2019","40-44",2,8297
"67000070","2015-2019","45-49",10,20325
"67000070","2015-2019","50-54",57,81131
"67000070","2015-2019","55-59",41,33058
"67000070","2015-2019","60-64",8,4011
"67000070","2015-2019","65-69",63,19777
"67000070","2015-2019","70-74",354,102442
"67000070","2015-2019","75-79",79,18239
"67000070","2015-2019","80-84",74,13175
"67000080","1995-1999","40-44",25,35689
"67000080","1995-1999","45-49",54,61171
"67000080","1995-1999","50-54",48,56087
"67000080","1995-1999","55-59",49,48025
"67000080","1995-1999","60-64",214,132622
"67000080","1995-1999","65-69",131,75758
"67000080","1995-1999","70-74",100,62320
"67000080","1995-1999","75-79",53,27826
"67000080","1995-1999","80-84",31,12343
"67000080","2000-2004","40-44",27,40712
"67000080","2000-2004","45-49",15,19458
"67000080","2000-2004","50-54",33,33921
"67000080","2000-2004","55-59",158,106343
"67000080","2000-2004","60-64",19,10905
"67000080","2000-2004","65-69",68,36680
"67000080","2000-2004","70-74",11,10003
"67000080","2000-2004","75-79",147,60557
"67000080","2000-2004","80-84",47,18270
"67000080","2005-2009","40-44",77,145254
"67000080","2005-2009","45-49",23,26799
"67000080","2005-2009","50-54",65,44125
"67000080","2005-2009","55-59",57,39599
"67000080","2005-2009","60-64",36,20990
"67000080","2005-2009","65-69",121,41969
"67000080","2005-2009","70-74",48,18918
"67000080","2005-2009","75-79",51,19003
"67000080","2005-2009","80-84",62,26402
"67000080","2010-2014","40-44",8,13135
"67000080","2010-2014","45-49",124,163336
"67000080","2010-2014","50-54",31,36016
"67000080","2010-2014","55-59",71,50715
"67000080","2010-2014","60-64",191,92680
"67000080","2010-2014","65-69",126,43056
"67000080","2010-2014","70-74",461,139781
"67000080","2010-2014","75-79",35,10335
"67000080","2010-2014","80-84",61,13925
"67000080","2015-2019","40-44",16,43751
"67000080","2015-2019","45-49",24,50426
"67000080","2015-2019","50-54",20,18601
"67000080","2015-2019","55-59",94,50349
"67000080","2015-2019","60-64",122,53928
"67000080","2015-2019","65-69",79,32841
"67000080","2015-2019","70-74",140,45363
"67000080","2015-2019","75-79",138,34593
"67000080","2015-2019","80-84",306,58638
"67000090","1995-1999","40-44",28,38857
"67000090","1995-1999","45-49",17,23521
"67000090","1995-1999","50-54",89,82521
"67000090","1995-1999","55-59",65,51780
"67000090","1995-1999","60-64",114,60106
"67000090","1995-1999","65-69",106,48142
"67000090","1995-1999","70-74",42,23287
"67000090","1995-1999","75-79",145,67902
"67000090","1995-1999","80-84",32,13198
"67000090","2000-2004","40-44",25,52403
"67000090","2000-2004","45-49",44,55456
"67000090","2000-2004","50-54",85,75948
"67000090","2000-2004","55-59",154,107048
"67000090","2000-2004","60-64",165,77384
"67000090","2000-2004","65-69",67,29770
"67000090","2000-2004","70-74",206,74786
"67000090","2000-2004","75-79",31,10380
"67000090","2000-2004","80-84",54,20812
"67000090","2005-2009","40-44",4,15221
"67000090","2005-2009","45-49",9,20621
"67000090","2005-2009","50-54",36,25429
"67000090","2005-2009","55-59",13,9640
"67000090","2005-2009","60-64",31,17159
"67000090","2005-2009","65-69",36,13253
"67000090","2005-2009","70-74",46,13090
"67000090","2005-2009","75-79",101,24454
"67000090","2005-2009","80-84",167,54631
"67000090","2010-2014","40-44",17,61733
"67000090","2010-2014","45-49",24,54035
"67000090","2010-2014","50-54",26,28886
"67000090","2010-2014","55-59",24,24651
"67000090","2010-2014","60-64",35,15349
"67000090","2010-2014","65-69",34,11725
"67000090","2010-2014","70-74",76,19059
"67000090","2010-2014","75-79",158,34951
"67000090","2010-2014","80-84",325,65904
"67000090","2015-2019","40-44",19,73782
"67000090","2015-2019","45-49",8,16020
"67000090","2015-2019","50-54",50,66519
"67000090","2015-2019","55-59",13,10091
"67000090","2015-2019","60-64",38,22430
"67000090","2015-2019","65-69",115,45023
"67000090","2015-2019","70-74",2888,774073
"67000090","2015-2019","75-79",1619,344252
"67000090","2015-2019","80-84",149,24200
"67000100","1995-1999","40-44",22,28687
"67000100","1995-1999","45-49",21,23884
"67000100","1995-1999","50-54",160,121190
"67000100","1995-1999","55-59",40,26858
"67000100","1995-1999","60-64",82,44038
"67000100","1995-1999","65-69",91,36930
"67000100","1995-1999","70-74",144,66886
"67000100","1995-1999","75-79",213,105194
"67000100","1995-1999","80-84",45,20494
"67000100","2000-2004","40-44",19,41417
"67000100","2000-2004","45-49",25,32086
"67000100","2000-2004","50-54",44,32201
"67000100","2000-2004","55-59",85,56937
"67000100","2000-2004","60-64",72,26424
"67000100","2000-2004","65-69",50,22735
"67000100","2000-2004","70-74",36,12966
"67000100","2000-2004","75-79",128,44950
"67000100","2000-2004","80-84",144,47414
"67000100","2005-2009","40-44",9,27664
"67000100","2005-2009","45-49",15,20162
"67000100","2005-2009","50-54",261,270796
"67000100","2005-2009","55-59",21,10249
"67000100","2005-2009","60-64",342,157698
"67000100","2005-2009","65-69",114,37371
"67000100","2005-2009","70-74",17,4547
"67000100","2005-2009","75-79",116,35641
"67000100","2005-2009","80-84",23,5530
"67000100","2010-2014","40-44",5,27496
"67000100","2010-2014","45-49",31,75233
"67000100","2010-2014","50-54",8,7751
"67000100","2010-2014","55-59",20,12390
"67000100","2010-2014","60-64",103,50418
"67000100","2010-2014","65-69",94,33762
"67000100","2010-2014","70-74",36,10007
"67000100","2010-2014","75-79",157,35918
"67000100","2010-2014","80-84",52,8676
"67000100","2015-2019","40-44",13,49819
"67000100","2015-2019","45-49",38,105686
"67000100","2015-2019","50-54",14,18116
"67000100","2015-2019","55-59",51,33274
"67000100","2015-2019","60-64",19,11083
"67000100","2015-2019","65-69",237,73712
"67000100","2015-2019","70-74",222,54527
"67000100","2015-2019","75-79",349,70141
"67000100","2015-2019","80-84",136,22093
"67000110","1995-1999","40-44",18,38647
"67000110","1995-1999","45-49",107,103686
"67000110","1995-1999","50-54",6,6445
"67000110","1995-1999","55-59",27,14499
"67000110","1995-1999","60-64",93,44559
"67000110","1995-1999","65-69",134,44921
"67000110","1995-1999","70-74",75,23473
"67000110","1995-1999","75-79",114,43693
"67000110","1995-1999","80-84",41,13919
"67000110","2000-2004","40-44",19,56448
"67000110","2000-2004","45-49",6,10761
"67000110","2000-2004","50-54",35,33440
"67000110","2000-2004","55-59",74,51285
"67000110","2000-2004","60-64",41,18286
"67000110","2000-2004","65-69",83,26235
"67000110","2000-2004","70-74",20,7146
"67000110","2000-2004","75-79",174,46172
"67000110","2000-2004","80-84",131,36016
"67000110","2005-2009","40-44",3,20817
"67000110","2005-2009","45-49",16,35306
"67000110","2005-2009","50-54",154,177493
"67000110","2005-2009","55-59",100,63559
"67000110","2005-2009","60-64",226,120134
"67000110","2005-2009","65-69",114,42990
"67000110","2005-2009","70-74",97,29109
"67000110","2005-2009","75-79",168,37782
"67000110","2005-2009","80-84",312,58200
"67000110","2010-2014","40-44",26,114273
"67000110","2010-2014","45-49",9,39994
"67000110","2010-2014","50-54",80,153191
"67000110","2010-2014","55-59",19,20375
"67000110","2010-2014","60-64",29,11852
"67000110","2010-2014","65-69",79,35386
"67000110","2010-2014","70-74",223,63654
"67000110","2010-2014","75-79",82,15176
"67000110","2010-2014","80-84",921,149549
"67000110","2015-2019","40-44",5,18219
"67000110","2015-2019","45-49",1,5791
"67000110","2015-2019","50-54",16,35414
"67000110","2015-2019","55-59",19,24202
"67000110","2015-2019","60-64",50,32873
"67000110","2015-2019","65-69",143,62027
"67000110","2015-2019","70-74",29,8542
"67000110","2015-2019","75-79",297,59449
"67000110","2015-2019","80-84",300,43008
"67000120","1995-1999","40-44",3,7522
"67000120","1995-1999","45-49",5,10553
"67000120","1995-1999","50-54",7,11019
"67000120","1995-1999","55-59",15,10855
"67000120","1995-1999","60-64",44,31292
"67000120","1995-1999","65-69",25,14748
"67000120","1995-1999","70-74",29,21132
"67000120","1995-1999","75-79",6,3249
"67000120","1995-1999","80-84",55,24215
"67000120","2000-2004","40-44",12,26586
"67000120","2000-2004","45-49",30,46256
"67000120","2000-2004","50-54",55,52091
"67000120","2000-2004","55-59",97,76175
"67000120","2000-2004","60-64",24,9376
"67000120","2000-2004","65-69",71,36033
"67000120","2000-2004","70-74",19,12798
"67000120","2000-2004","75-79",552,276706
"67000120","2000-2004","80-84",28,11706
"67000120","2005-2009","40-44",3,16996
"67000120","2005-2009","45-49",56,98236
"67000120","2005-2009","50-54",28,36048
"67000120","2005-2009","55-59",139,105062
"67000120","2005-2009","60-64",101,57587
"67000120","2005-2009","65-69",38,14474
"67000120","2005-2009","70-74",48,21647
"67000120","2005-2009","75-79",107,46039
"67000120","2005-2009","80-84",235,87395
"67000120","2010-2014","40-44",4,23436
"67000120","2010-2014","45-49",37,74277
"67000120","2010-2014","50-54",96,114331
"67000120","2010-2014","55-59",248,233036
"67000120","2010-2014","60-64",94,54087
"67000120","2010-2014","65-69",30,12777
"67000120","2010-2014","70-74",236,82286
"67000120","2010-2014","75-79",53,17657
"67000120","2010-2014","80-84",48,15106
"67000120","2015-2019","40-44",18,66649
"67000120","2015-2019","45-49",22,48816
"67000120","2015-2019","50-54",11,18560
"67000120","2015-2019","55-59",14,18189
"67000120","2015-2019","60-64",151,92574
"67000120","2015-2019","65-69",48,25457
"67000120","2015-2019","70-74",71,24112
"67000120","2015-2019","75-79",48,15980
"67000120","2015-2019","80-84",242,62000
"67000130","1995-1999","40-44",20,34862
"67000130","1995-1999","45-49",33,35876
"67000130","1995-1999","50-54",4,7948
"67000130","1995-1999","55-59",13,14848
"67000130","1995-1999","60-64",13,7758
"67000130","1995-1999","65-69",43,42242
"67000130","1995-1999","70-74",168,126110
"67000130","1995-1999","75-79",60,29401
"67000130","1995-1999","80-84",125,56877
"67000130","2000-2004","40-44",3,8778
"67000130","2000-2004","45-49",77,103527
"67000130","2000-2004","50-54",64,64647
"67000130","2000-2004","55-59",13,9965
"67000130","2000-2004","60-64",49,34692
"67000130","2000-2004","65-69",15,6906
"67000130","2000-2004","70-74",78,33199
"67000130","2000-2004","75-79",167,83124
"67000130","2000-2004","80-84",115,46071
"67000130","2005-2009","40-44",37,70818
"67000130","2005-2009","45-49",93,127243
"67000130","2005-2009","50-54",24,18171
"67000130","2005-2009","55-59",17,8219
"67000130","2005-2009","60-64",42,22155
"67000130","2005-2009","65-69",288,147620
"67000130","2005-2009","70-74",64,29393
"67000130","2005-2009","75-79",229,116568
"67000130","2005-2009","80-84",50,22135
"67000130","2010-2014","40-44",15,25756
"67000130","2010-2014","45-49",4,7516
"67000130","2010-2014","50-54",13,10724
"67000130","2010-2014","55-59",31,23456
"67000130","2010-2014","60-64",104,53830
"67000130","2010-2014","65-69",56,25206
"67000130","2010-2014","70-74",30,12425
"67000130","2010-2014","75-79",60,21975
"67000130","2010-2014","80-84",236,70724
"67000130","2015-2019","40-44",26,67308
"67000130","2015-2019","45-49",20,32861
"67000130","2015-2019","50-54",105,117029
"67000130","2015-2019","55-59",79,63214
"67000130","2015-2019","60-64",16,10882
"67000130","2015-2019","65-69",31,12033
"67000130","2015-2019","70-74",170,61479
"67000130","2015-2019","75-79",212,57670
"67000130","2015-2019","80-84",75,19494
"67000140","1995-1999","40-44",31,50785
"67000140","1995-1999","45-49",23,40198
"67000140","1995-1999","50-54",34,47002
"67000140","1995-1999","55-59",28,20270
"67000140","1995-1999","60-64",11,11531
"67000140","1995-1999","65-69",110,66816
"67000140","1995-1999","70-74",11,7702
"67000140","1995-1999","75-79",124,64587
"67000140","1995-1999","80-84",86,34645
"67000140","2000-2004","40-44",31,109624
"67000140","2000-2004","45-49",61,86784
"67000140","2000-2004","50-54",93,101024
"67000140","2000-2004","55-59",49,46625
"67000140","2000-2004","60-64",128,78226
"67000140","2000-2004","65-69",89,42518
"67000140","2000-2004","70-74",63,30539
"67000140","2000-2004","75-79",18,9071
"67000140","2000-2004","80-84",580,223898
"67000140","2005-2009","40-44",19,61076
"67000140","2005-2009","45-49",56,106198
"67000140","2005-2009","50-54",12,21079
"67000140","2005-2009","55-59",137,123327
"67000140","2005-2009","60-64",99,53066
"67000140","2005-2009","65-69",374,198336
"67000140","2005-2009","70-74",79,34915
"67000140","2005-2009","75-79",23,8381
"67000140","2005-2009","80-84",281,107066
"67000140","2010-2014","40-44",6,22848
"67000140","2010-2014","45-49",8,18581
"67000140","2010-2014","50-54",12,19230
"67000140","2010-2014","55-59",29,28456
"67000140","2010-2014","60-64",10,7189
"67000140","2010-2014","65-69",31,16486
"67000140","2010-2014","70-74",204,78138
"67000140","2010-2014","75-79",84,28721
"67000140","2010-2014","80-84",375,97268
"67000140","2015-2019","40-44",35,120027
"67000140","2015-2019","45-49",18,43975
"67000140","2015-2019","50-54",56,98956
"67000140","2015-2019","55-59",28,24425
"67000140","2015-2019","60-64",45,29166
"67000140","2015-2019","65-69",51,22433
"67000140","2015-2019","70-74",45,14021
"67000140","2015-2019","75-79",100,29771
"67000140","2015-2019","80-84",170,40194
"67000150","1995-1999","40-44",24,51378
"67000150","1995-1999","45-49",84,145450
"67000150","1995-1999","50-54",37,47383
"67000150","1995-1999","55-59",44,55394
"67000150","1995-1999","60-64",55,42415
"67000150","1995-1999","65-69",40,41363
"67000150","1995-1999","70-74",95,63359
"67000150","1995-1999","75-79",19,10326
"67000150","1995-1999","80-84",111,46195
"67000150","2000-2004","40-44",22,65710
"67000150","2000-2004","45-49",39,75569
"67000150","2000-2004","50-54",9,20687
"67000150","2000-2004","55-59",40,40354
"67000150","2000-2004","60-64",64,46563
"67000150","2000-2004","65-69",19,10167
"67000150","2000-2004","70-74",55,33806
"67000150","2000-2004","75-79",62,41051
"67000150","2000-2004","80-84",404,156387
"67000150","2005-2009","40-44",6,32016
"67000150","2005-2009","45-49",8,19311
"67000150","2005-2009","50-54",22,25740
"67000150","2005-2009","55-59",29,20435
"67000150","2005-2009","60-64",67,48064
"67000150","2005-2009","65-69",78,49285
"67000150","2005-2009","70-74",45,20698
"67000150","2005-2009","75-79",47,24294
"67000150","2005-2009","80-84",321,129790
"67000150","2010-2014","40-44",10,46966
"67000150","2010-2014","45-49",10,32817
"67000150","2010-2014","50-54",27,53171
"67000150","2010-2014","55-59",14,18058
"67000150","2010-2014","60-64",18,16395
"67000150","2010-2014","65-69",143,88650
"67000150","2010-2014","70-74",73,36316
"67000150","2010-2014","75-79",236,82118
"67000150","2010-2014","80-84",146,60826
"67000150","2015-2019","40-44",3,27635
"67000150","2015-2019","45-49",13,44680
"67000150","2015-2019","50-54",6,8883
"67000150","2015-2019","55-59",13,18911
"67000150","2015-2019","60-64",36,25078
"67000150","2015-2019","65-69",111,62333
"67000150","2015-2019","70-74",100,44226
"67000150","2015-2019","75-79",61,23976
"67000150","2015-2019","80-84",132,51715
"67000160","1995-1999","40-44",32,54775
"67000160","1995-1999","45-49",46,69035
"67000160","1995-1999","50-54",119,128449
"67000160","1995-1999","55-59",110,131233
"67000160","1995-1999","60-64",74,78018
"67000160","1995-1999","65-69",132,106505
"67000160","1995-1999","70-74",122,107419
"67000160","1995-1999","75-79",6,6168
"67000160","1995-1999","80-84",31,11500
"67000160","2000-2004","40-44",18,40637
"67000160","2000-2004","45-49",21,26761
"67000160","2000-2004","50-54",17,16473
"67000160","2000-2004","55-59",28,24890
"67000160","2000-2004","60-64",131,108375
"67000160","2000-2004","65-69",20,13582
"67000160","2000-2004","70-74",51,28148
"67000160","2000-2004","75-79",162,83296
"67000160","2000-2004","80-84",126,50837
"67000160","2005-2009","40-44",23,46307
"67000160","2005-2009","45-49",1,7912
"67000160","2005-2009","50-54",8,9163
"67000160","2005-2009","55-59",28,39932
"67000160","2005-2009","60-64",50,28929
"67000160","2005-2009","65-69",81,43372
"67000160","2005-2009","70-74",47,23499
"67000160","2005-2009","75-79",34,13038
"67000160","2005-2009","80-84",78,40481
"67000160","2010-2014","40-44",7,25270
"67000160","2010-2014","45-49",3,5993
"67000160","2010-2014","50-54",36,46563
"67000160","2010-2014","55-59",101,88287
"67000160","2010-2014","60-64",21,13734
"67000160","2010-2014","65-69",103,49123
"67000160","2010-2014","70-74",104,45082
"67000160","2010-2014","75-79",68,27904
"67000160","2010-2014","80-84",58,20812
"67000160","2015-2019","40-44",23,112598
"67000160","2015-2019","45-49",4,10920
"67000160","2015-2019","50-54",74,124721
"67000160","2015-2019","55-59",60,66232
"67000160","2015-2019","60-64",85,62230
"67000160","2015-2019","65-69",62,33004
"67000160","2015-2019","70-74",50,25382
"67000160","2015-2019","75-79",158,55545
"67000160","2015-2019","80-84",165,44176
"67000170","1995-1999","40-44",56,90561
"67000170","1995-1999","45-49",25,34938
"67000170","1995-1999","50-54",59,63881
"67000170","1995-1999","55-59",35,36354
"67000170","1995-1999","60-64",62,63721
"67000170","1995-1999","65-69",42,32786
"67000170","1995-1999","70-74",21,13125
"67000170","1995-1999","75-79",63,36898
"67000170","1995-1999","80-84",63,23055
"67000170","2000-2004","40-44",11,24344
"67000170","2000-2004","45-49",26,48231
"67000170","2000-2004","50-54",6,5700
"67000170","2000-2004","55-59",28,21866
"67000170","2000-2004","60-64",70,59900
"67000170","2000-2004","65-69",51,34887
"67000170","2000-2004","70-74",61,37194
"67000170","2000-2004","75-79",177,97894
"67000170","2000-2004","80-84",376,141650
"67000170","2005-2009","40-44",25,74069
"67000170","2005-2009","45-49",48,68772
"67000170","2005-2009","50-54",21,22251
"67000170","2005-2009","55-59",126,106448
"67000170","2005-2009","60-64",124,77497
"67000170","2005-2009","65-69",12,7591
"67000170","2005-2009","70-74",8,8518
"67000170","2005-2009","75-79",162,77765
"67000170","2005-2009","80-84",194,75302
"67000170","2010-2014","40-44",53,113331
"67000170","2010-2014","45-49",9,23477
"67000170","2010-2014","50-54",166,207592
"67000170","2010-2014","55-59",81,73599
"67000170","2010-2014","60-64",12,6527
"67000170","2010-2014","65-69",3,3025
"67000170","2010-2014","70-74",121,52282
"67000170","2010-2014","75-79",241,104473
"67000170","2010-2014","80-84",348,127003
"67000170","2015-2019","40-44",10,33388
"67000170","2015-2019","45-49",56,121475
"67000170","2015-2019","50-54",8,10987
"67000170","2015-2019","55-59",19,20073
"67000170","2015-2019","60-64",58,37550
"67000170","2015-2019","65-69",79,38118
"67000170","2015-2019","70-74",30,10995
"67000170","2015-2019","75-79",57,20981
"67000170","2015-2019","80-84",91,27525
"67000180","1995-1999","40-44",6,17966
"67000180","1995-1999","45-49",8,10791
"67000180","1995-1999","50-54",33,36028
"67000180","1995-1999","55-59",12,8383
"67000180","1995-1999","60-64",83,53273
"67000180","1995-1999","65-69",53,22851
"67000180","1995-1999","70-74",136,52710
"67000180","1995-1999","75-79",82,27372
"67000180","1995-1999","80-84",122,46468
"67000180","2000-2004","40-44",19,62309
"67000180","2000-2004","45-49",7,7596
"67000180","2000-2004","50-54",113,131838
"67000180","2000-2004","55-59",46,41561
"67000180","2000-2004","60-64",79,41947
"67000180","2000-2004","65-69",57,24246
"67000180","2000-2004","70-74",145,56574
"67000180","2000-2004","75-79",564,147273
"67000180","2000-2004","80-84",210,64139
"67000180","2005-2009","40-44",9,50561
"67000180","2005-2009","45-49",7,15934
"67000180","2005-2009","50-54",110,159439
"67000180","2005-2009","55-59",36,40123
"67000180","2005-2009","60-64",144,84725
"67000180","2005-2009","65-69",53,22270
"67000180","2005-2009","70-74",82,27355
"67000180","2005-2009","75-79",92,19286
"67000180","2005-2009","80-84",159,37882
"67000180","2010-2014","40-44",6,34920
"67000180","2010-2014","45-49",4,9677
"67000180","2010-2014","50-54",11,8761
"67000180","2010-2014","55-59",18,24741
"67000180","2010-2014","60-64",49,40581
"67000180","2010-2014","65-69",163,78302
"67000180","2010-2014","70-74",12,6933
"67000180","2010-2014","75-79",164,42784
"67000180","2010-2014","80-84",220,39599
"67000180","2015-2019","40-44",11,42522
"67000180","2015-2019","45-49",4,10911
"67000180","2015-2019","50-54",18,38134
"67000180","2015-2019","55-59",12,13937
"67000180","2015-2019","60-64",97,80672
"67000180","2015-2019","65-69",140,69867
"67000180","2015-2019","70-74",131,44713
"67000180","2015-2019","75-79",288,68879
"67000180","2015-2019","80-84",298,55581
"67000190","1995-1999","40-44",11,11547
"67000190","1995-1999","45-49",6,17793
"67000190","1995-1999","50-54",59,60784
"67000190","1995-1999","55-59",18,7550
"67000190","1995-1999","60-64",79,44574
"67000190","1995-1999","65-69",92,45767
"67000190","1995-1999","70-74",119,54445
"67000190","1995-1999","75-79",64,29914
"67000190","1995-1999","80-84",265,99227
"67000190","2000-2004","40-44",14,38837
"67000190","2000-2004","45-49",22,29336
"67000190","2000-2004","50-54",67,76392
"67000190","2000-2004","55-59",423,269021
"67000190","2000-2004","60-64",70,30889
"67000190","2000-2004","65-69",34,13626
"67000190","2000-2004","70-74",68,30035
"67000190","2000-2004","75-79",432,164611
"67000190","2000-2004","80-84",38,14035
"67000190","2005-2009","40-44",4,21090
"67000190","2005-2009","45-49",114,241873
"67000190","2005-2009","50-54",23,21635
"67000190","2005-2009","55-59",120,77304
"67000190","2005-2009","60-64",75,31099
"67000190","2005-2009","65-69",127,48344
"67000190","2005-2009","70-74",84,27558
"67000190","2005-2009","75-79",417,105672
"67000190","2005-2009","80-84",313,94137
"67000190","2010-2014","40-44",2,17294
"67000190","2010-2014","45-49",7,18749
"67000190","2010-2014","50-54",21,30751
"67000190","2010-2014","55-59",215,169764
"67000190","2010-2014","60-64",42,25346
"67000190","2010-2014","65-69",107,41630
"67000190","2010-2014","70-74",325,84093
"67000190","2010-2014","75-79",79,19139
"67000190","2010-2014","80-84",105,21710
"67000190","2015-2019","40-44",6,25267
"67000190","2015-2019","45-49",7,28874
"67000190","2015-2019","50-54",8,23967
"67000190","2015-2019","55-59",53,51390
"67000190","2015-2019","60-64",43,25727
"67000190","2015-2019","65-69",132,49345
"67000190","2015-2019","70-74",422,119025
"67000190","2015-2019","75-79",212,46688
"67000190","2015-2019","80-84",110,16554
"67000200","1995-1999","40-44",2,7218
"67000200","1995-1999","45-49",14,19685
"67000200","1995-1999","50-54",37,44613
"67000200","1995-1999","55-59",9,14056
"67000200","1995-1999","60-64",511,284596
"67000200","1995-1999","65-69",30,11591
"67000200","1995-1999","70-74",8,5680
"67000200","1995-1999","75-79",47,24489
"67000200","1995-1999","80-84",75,29752
"67000200","2000-2004","40-44",6,11115
"67000200","2000-2004","45-49",33,37406
"67000200","2000-2004","50-54",224,246036
"67000200","2000-2004","55-59",10,4753
"67000200","2000-2004","60-64",53,23399
"67000200","2000-2004","65-69",135,48451
"67000200","2000-2004","70-74",93,33980
"67000200","2000-2004","75-79",152,49464
"67000200","2000-2004","80-84",126,51075
"67000200","2005-2009","40-44",23,95340
"67000200","2005-2009","45-49",57,128961
"67000200","2005-2009","50-54",32,34317
"67000200","2005-2009","55-59",20,13391
"67000200","2005-2009","60-64",198,101211
"67000200","2005-2009","65-69",70,31433
"67000200","2005-2009","70-74",34,11770
"67000200","2005-2009","75-79",202,48733
"67000200","2005-2009","80-84",181,44989
"67000200","2010-2014","40-44",55,232838
"67000200","2010-2014","45-49",13,29312
"67000200","2010-2014","50-54",27,51708
"67000200","2010-2014","55-59",26,25266
"67000200","2010-2014","60-64",146,89672
"67000200","2010-2014","65-69",22,7020
"67000200","2010-2014","70-74",44,18960
"67000200","2010-2014","75-79",544,125343
"67000200","2010-2014","80-84",119,22568
"67000200","2015-2019","40-44",10,44225
"67000200","2015-2019","45-49",36,88491
"67000200","2015-2019","50-54",11,23157
"67000200","2015-2019","55-59",150,165398
"67000200","2015-2019","60-64",17,14784
"67000200","2015-2019","65-69",130,66238
"67000200","2015-2019","70-74",38,14693
"67000200","2015-2019","75-79",48,10990
"67000200","2015-2019","80-84",542,97453
"67000210","1995-1999","40-44",23,45676
"67000210","1995-1999","45-49",26,50093
"67000210","1995-1999","50-54",52,60750
"67000210","1995-1999","55-59",29,22200
"67000210","1995-1999","60-64",47,26338
"67000210","1995-1999","65-69",93,48603
"67000210","1995-1999","70-74",78,40786
"67000210","1995-1999","75-79",45,22675
"67000210","1995-1999","80-84",49,12465
"67000210","2000-2004","40-44",25,57318
"67000210","2000-2004","45-49",10,17592
"67000210","2000-2004","50-54",56,75485
"67000210","2000-2004","55-59",24,26908
"67000210","2000-2004","60-64",22,15487
"67000210","2000-2004","65-69",77,35027
"67000210","2000-2004","70-74",31,12406
"67000210","2000-2004","75-79",37,15199
"67000210","2000-2004","80-84",42,18619
"67000210","2005-2009","40-44",3,8171
"67000210","2005-2009","45-49",24,47866
"67000210","2005-2009","50-54",11,21602
"67000210","2005-2009","55-59",52,42916
"67000210","2005-2009","60-64",6,4509
"67000210","2005-2009","65-69",17,8341
"67000210","2005-2009","70-74",100,34715
"67000210","2005-2009","75-79",83,28075
"67000210","2005-2009","80-84",30,9797
"67000210","2010-2014","40-44",3,31623
"67000210","2010-2014","45-49",2,7082
"67000210","2010-2014","50-54",43,55829
"67000210","2010-2014","55-59",35,35971
"67000210","2010-2014","60-64",323,191047
"67000210","2010-2014","65-69",163,70134
"67000210","2010-2014","70-74",34,14531
"67000210","2010-2014","75-79",26,4953
"67000210","2010-2014","80-84",291,77161
"67000210","2015-2019","40-44",6,33776
"67000210","2015-2019","45-49",4,13280
"67000210","2015-2019","50-54",11,24521
"67000210","2015-2019","55-59",9,14355
"67000210","2015-2019","60-64",26,25086
"67000210","2015-2019","65-69",30,8795
"67000210","2015-2019","70-74",68,19614
"67000210","2015-2019","75-79",169,41055
"67000210","2015-2019","80-84",216,42123
"67000220","1995-1999","40-44",21,59382
"67000220","1995-1999","45-49",20,35705
"67000220","1995-1999","50-54",20,22246
"67000220","1995-1999","55-59",55,31636
"67000220","1995-1999","60-64",440,202997
"67000220","1995-1999","65-69",23,9837
"67000220","1995-1999","70-74",82,29387
"67000220","1995-1999","75-79",132,45044
"67000220","1995-1999","80-84",97,39055
"67000220","2000-2004","40-44",34,71599
"67000220","2000-2004","45-49",23,37479
"67000220","2000-2004","50-54",18,16921
"67000220","2000-2004","55-59",77,51694
"67000220","2000-2004","60-64",22,10887
"67000220","2000-2004","65-69",26,11098
"67000220","2000-2004","70-74",109,29292
"67000220","2000-2004","75-79",35,10014
"67000220","2000-2004","80-84",605,165122
"67000220","2005-2009","40-44",12,51721
"67000220","2005-2009","45-49",12,25931
"67000220","2005-2009","50-54",81,128817
"67000220","2005-2009","55-59",22,24238
"67000220","2005-2009","60-64",18,9098
"67000220","2005-2009","65-69",54,19594
"67000220","2005-2009","70-74",126,33578
"67000220","2005-2009","75-79",119,24939
"67000220","2005-2009","80-84",1239,219657
"67000220","2010-2014","40-44",108,367310
"67000220","2010-2014","45-49",0,7743
"67000220","2010-2014","50-54",60,108981
"67000220","2010-2014","55-59",8,12455
"67000220","2010-2014","60-64",75,36838
"67000220","2010-2014","65-69",227,86136
"67000220","2010-2014","70-74",187,60290
"67000220","2010-2014","75-79",383,77793
"67000220","2010-2014","80-84",79,12962
"67000220","2015-2019","40-44",36,119353
"67000220","2015-2019","45-49",24,51063
"67000220","2015-2019","50-54",14,21415
"67000220","2015-2019","55-59",133,171233
"67000220","2015-2019","60-64",45,36667
"67000220","2015-2019","65-69",107,45210
"67000220","2015-2019","70-74",24,7050
"67000220","2015-2019","75-79",92,21935
"67000220","2015-2019","80-84",363,55372
"67000230","1995-1999","40-44",8,14481
"67000230","1995-1999","45-49",8,12639
"67000230","1995-1999","50-54",61,63879
"67000230","1995-1999","55-59",20,13998
"67000230","1995-1999","60-64",248,127362
"67000230","1995-1999","65-69",193,67709
"67000230","1995-1999","70-74",136,36803
"67000230","1995-1999","75-79",69,23018
"67000230","1995-1999","80-84",123,44627
"67000230","2000-2004","40-44",43,121150
"67000230","2000-2004","45-49",197,383359
"67000230","2000-2004","50-54",36,38918
"67000230","2000-2004","55-59",39,26854
"67000230","2000-2004","60-64",121,59426
"67000230","2000-2004","65-69",92,27355
"67000230","2000-2004","70-74",27,6487
"67000230","2000-2004","75-79",77,16337
"67000230","2000-2004","80-84",37,7499
"67000230","2005-2009","40-44",6,24733
"67000230","2005-2009","45-49",18,41395
"67000230","2005-2009","50-54",146,200034
"67000230","2005-2009","55-59",54,46811
"67000230","2005-2009","60-64",43,29890
"67000230","2005-2009","65-69",42,15818
"67000230","2005-2009","70-74",36,10749
"67000230","2005-2009","75-79",138,26117
"67000230","2005-2009","80-84",300,46986
"67000230","2010-2014","40-44",3,13588
"67000230","2010-2014","45-49",3,20050
"67000230","2010-2014","50-54",22,41781
"67000230","2010-2014","55-59",84,90516
"67000230","2010-2014","60-64",24,16031
"67000230","2010-2014","65-69",40,21475
"67000230","2010-2014","70-74",54,17647
"67000230","2010-2014","75-79",434,83724
"67000230","2010-2014","80-84",249,35165
"67000230","2015-2019","40-44",9,20428
"67000230","2015-2019","45-49",9,22891
"67000230","2015-2019","50-54",3,6801
"67000230","2015-2019","55-59",23,27902
"67000230","2015-2019","60-64",9,10980
"67000230","2015-2019","65-69",139,64391
"67000230","2015-2019","70-74",214,66517
"67000230","2015-2019","75-79",150,32264
"67000230","2015-2019","80-84",346,51275
"67000240","1995-1999","40-44",72,209123
"67000240","1995-1999","45-49",25,29288
"67000240","1995-1999","50-54",44,46306
"67000240","1995-1999","55-59",49,35780
"67000240","1995-1999","60-64",62,30141
"67000240","1995-1999","65-69",34,17408
"67000240","1995-1999","70-74",64,26211
"67000240","1995-1999","75-79",64,23181
"67000240","1995-1999","80-84",132,46481
"67000240","2000-2004","40-44",25,61412
"67000240","2000-2004","45-49",57,114015
"67000240","2000-2004","50-54",42,38284
"67000240","2000-2004","55-59",76,64655
"67000240","2000-2004","60-64",240,143433
"67000240","2000-2004","65-69",72,29736
"67000240","2000-2004","70-74",174,59050
"67000240","2000-2004","75-79",92,28882
"67000240","2000-2004","80-84",29,7649
"67000240","2005-2009","40-44",14,24931
"67000240","2005-2009","45-49",23,68047
"67000240","2005-2009","50-54",25,28693
"67000240","2005-2009","55-59",40,27401
"67000240","2005-2009","60-64",218,111468
"67000240","2005-2009","65-69",208,81452
"67000240","2005-2009","70-74",107,27920
"67000240","2005-2009","75-79",89,18313
"67000240","2005-2009","80-84",441,97476
"67000240","2010-2014","40-44",3,15109
"67000240","2010-2014","45-49",13,27727
"67000240","2010-2014","50-54",14,26580
"67000240","2010-2014","55-59",9,12246
"67000240","2010-2014","60-64",28,21066
"67000240","2010-2014","65-69",41,14568
"67000240","2010-2014","70-74",37,12778
"67000240","2010-2014","75-79",239,52771
"67000240","2010-2014","80-84",194,34810
"67000240","2015-2019","40-44",12,31472
"67000240","2015-2019","45-49",10,35899
"67000240","2015-2019","50-54",9,11589
"67000240","2015-2019","55-59",98,157281
"67000240","2015-2019","60-64",24,16158
"67000240","2015-2019","65-69",15,8910
"67000240","2015-2019","70-74",120,44369
"67000240","2015-2019","75-79",31,10118
"67000240","2015-2019","80-84",802,143630
"67000250","1995-1999","40-44",3,14468
"67000250","1995-1999","45-49",21,40237
"67000250","1995-1999","50-54",26,29650
"67000250","1995-1999","55-59",22,22027
"67000250","1995-1999","60-64",117,67825
"67000250","1995-1999","65-69",180,87805
"67000250","1995-1999","70-74",27,7737
"67000250","1995-1999","75-79",176,49161
"67000250","1995-1999","80-84",237,75286
"67000250","2000-2004","40-44",35,116340
"67000250","2000-2004","45-49",44,71278
"67000250","2000-2004","50-54",59,67204
"67000250","2000-2004","55-59",141,124258
"67000250","2000-2004","60-64",56,33599
"67000250","2000-2004","65-69",54,20585
"67000250","2000-2004","70-74",205,63526
"67000250","2000-2004","75-79",31,6958
"67000250","2000-2004","80-84",585,133257
"67000250","2005-2009","40-44",11,34236
"67000250","2005-2009","45-49",6,37050
"67000250","2005-2009","50-54",138,218008
"67000250","2005-2009","55-59",33,25360
"67000250","2005-2009","60-64",58,42253
"67000250","2005-2009","65-69",357,170072
"67000250","2005-2009","70-74",214,75876
"67000250","2005-2009","75-79",152,38528
"67000250","2005-2009","80-84",724,139288
"67000250","2010-2014","40-44",18,80780
"67000250","2010-2014","45-49",5,12373
"67000250","2010-2014","50-54",8,26728
"67000250","2010-2014","55-59",15,20191
"67000250","2010-2014","60-64",86,56203
"67000250","2010-2014","65-69",71,39028
"67000250","2010-2014","70-74",102,30600
"67000250","2010-2014","75-79",69,23417
"67000250","2010-2014","80-84",205,35133
"67000250","2015-2019","40-44",6,27894
"67000250","2015-2019","45-49",9,28017
"67000250","2015-2019","50-54",51,108363
"67000250","2015-2019","55-59",23,30871
"67000250","2015-2019","60-64",10,13857
"67000250","2015-2019","65-69",63,31958
"67000250","2015-2019","70-74",20,6793
"67000250","2015-2019","75-79",328,89619
"67000250","2015-2019","80-84",608,100219
"67000260","1995-1999","40-44",16,50650
"67000260","1995-1999","45-49",3,4538
"67000260","1995-1999","50-54",73,87005
"67000260","1995-1999","55-59",8,6617
"67000260","1995-1999","60-64",43,21788
"67000260","1995-1999","65-69",80,28252
"67000260","1995-1999","70-74",187,51937
"67000260","1995-1999","75-79",224,54628
"67000260","1995-1999","80-84",229,56707
"67000260","2000-2004","40-44",33,103197
"67000260","2000-2004","45-49",26,42725
"67000260","2000-2004","50-54",33,45582
"67000260","2000-2004","55-59",69,51879
"67000260","2000-2004","60-64",78,47093
"67000260","2000-2004","65-69",64,24707
"67000260","2000-2004","70-74",247,70529
"67000260","2000-2004","75-79",136,27835
"67000260","2000-2004","80-84",161,29700
"67000260","2005-2009","40-44",9,42158
"67000260","2005-2009","45-49",25,44693
"67000260","2005-2009","50-54",62,102288
"67000260","2005-2009","55-59",11,12994
"67000260","2005-2009","60-64",56,39964
"67000260","2005-2009","65-69",53,21115
"67000260","2005-2009","70-74",59,18321
"67000260","2005-2009","75-79",106,23839
"67000260","2005-2009","80-84",625,97029
"67000260","2010-2014","40-44",5,16919
"67000260","2010-2014","45-49",26,70483
"67000260","2010-2014","50-54",9,18189
"67000260","2010-2014","55-59",21,24104
"67000260","2010-2014","60-64",24,18865
"67000260","2010-2014","65-69",58,26478
"67000260","2010-2014","70-74",64,22125
"67000260","2010-2014","75-79",154,35820
"67000260","2010-2014","80-84",112,17134
"67000260","2015-2019","40-44",10,27910
"67000260","2015-2019","45-49",23,67973
"67000260","2015-2019","50-54",16,42323
"67000260","2015-2019","55-59",22,29475
"67000260","2015-2019","60-64",91,83676
"67000260","2015-2019","65-69",32,15189
"67000260","2015-2019","70-74",88,35214
"67000260","2015-2019","75-79",166,38522
"67000260","2015-2019","80-84",300,57367
"67000270","1995-1999","40-44",39,120226
"67000270","1995-1999","45-49",13,29634
"67000270","1995-1999","50-54",73,123140
"67000270","1995-1999","55-59",24,26636
"67000270","1995-1999","60-64",24,20245
"67000270","1995-1999","65-69",240,186722
"67000270","1995-1999","70-74",34,16092
"67000270","1995-1999","75-79",20,11423
"67000270","1995-1999","80-84",122,42759
"67000270","2000-2004","40-44",12,30270
"67000270","2000-2004","45-49",44,111636
"67000270","2000-2004","50-54",8,15851
"67000270","2000-2004","55-59",61,59708
"67000270","2000-2004","60-64",4,2538
"67000270","2000-2004","65-69",141,88708
"67000270","2000-2004","70-74",115,54812
"67000270","2000-2004","75-79",31,22195
"67000270","2000-2004","80-84",71,30599
"67000270","2005-2009","40-44",6,16112
"67000270","2005-2009","45-49",18,30468
"67000270","2005-2009","50-54",7,14994
"67000270","2005-2009","55-59",10,14347
"67000270","2005-2009","60-64",52,39485
"67000270","2005-2009","65-69",152,92680
"67000270","2005-2009","70-74",85,55008
"67000270","2005-2009","75-79",206,80749
"67000270","2005-2009","80-84",27,8822
"67000270","2010-2014","40-44",41,146665
"67000270","2010-2014","45-49",17,62868
"67000270","2010-2014","50-54",11,23536
"67000270","2010-2014","55-59",114,161864
"67000270","2010-2014","60-64",44,37965
"67000270","2010-2014","65-69",37,23920
"67000270","2010-2014","70-74",76,31294
"67000270","2010-2014","75-79",199,73175
"67000270","2010-2014","80-84",125,45059
"67000270","2015-2019","40-44",8,23792
"67000270","2015-2019","45-49",20,60422
"67000270","2015-2019","50-54",27,51250
"67000270","2015-2019","55-59",4,9911
"67000270","2015-2019","60-64",56,48728
"67000270","2015-2019","65-69",13,10445
"67000270","2015-2019","70-74",113,59124
"67000270","2015-2019","75-79",84,25114
"67000270","2015-2019","80-84",54,16154
"67000280","1995-1999","40-44",5,33500
"67000280","1995-1999","45-49",18,29770
"67000280","1995-1999","50-54",15,23963
"67000280","1995-1999","55-59",29,24475
"67000280","1995-1999","60-64",16,15434
"67000280","1995-1999","65-69",49,29004
"67000280","1995-1999","70-74",29,13627
"67000280","1995-1999","75-79",33,17912
"67000280","1995-1999","80-84",28,14506
"67000280","2000-2004","40-44",8,39805
"67000280","2000-2004","45-49",63,160011
"67000280","2000-2004","50-54",39,55471
"67000280","2000-2004","55-59",81,89008
"67000280","2000-2004","60-64",29,24382
"67000280","2000-2004","65-69",224,127991
"67000280","2000-2004","70-74",78,31939
"67000280","2000-2004","75-79",48,15440
"67000280","2000-2004","80-84",95,32403
"67000280","2005-2009","40-44",18,84557
"67000280","2005-2009","45-49",21,46575
"67000280","2005-2009","50-54",16,31013
"67000280","2005-2009","55-59",36,33239
"67000280","2005-2009","60-64",164,142920
"67000280","2005-2009","65-69",9,7206
"67000280","2005-2009","70-74",129,57234
"67000280","2005-2009","75-79",40,13190
"67000280","2005-2009","80-84",265,78893
"67000280","2010-2014","40-44",3,12146
"67000280","2010-2014","45-49",3,12475
"67000280","2010-2014","50-54",21,39443
"67000280","2010-2014","55-59",20,22066
"67000280","2010-2014","60-64",48,37945
"67000280","2010-2014","65-69",270,176156
"67000280","2010-2014","70-74",23,12134
"67000280","2010-2014","75-79",301,99779
"67000280","2010-2014","80-84",92,18026
"67000280","2015-2019","40-44",2,16857
"67000280","2015-2019","45-49",8,20303
"67000280","2015-2019","50-54",23,34310
"67000280","2015-2019","55-59",10,17311
"67000280","2015-2019","60-64",34,37993
"67000280","2015-2019","65-69",5,7721
"67000280","2015-2019","70-74",12,7128
"67000280","2015-2019","75-79",53,17680
"67000280","2015-2019","80-84",81,20121
"67000290","1995-1999","40-44",16,54030
"67000290","1995-1999","45-49",20,36480
"67000290","1995-1999","50-54",17,30995
"67000290","1995-1999","55-59",8,11020
"67000290","1995-1999","60-64",42,26842
"67000290","1995-1999","65-69",32,15214
"67000290","1995-1999","70-74",31,11185
"67000290","1995-1999","75-79",62,25140
"67000290","1995-1999","80-84",155,57942
"67000290","2000-2004","40-44",14,33216
"67000290","2000-2004","45-49",15,50761
"67000290","2000-2004","50-54",81,108806
"67000290","2000-2004","55-59",10,18475
"67000290","2000-2004","60-64",71,50674
"67000290","2000-2004","65-69",39,23466
"67000290","2000-2004","70-74",96,39256
"67000290","2000-2004","75-79",33,10128
"67000290","2000-2004","80-84",117,38781
"67000290","2005-2009","40-44",7,29363
"67000290","2005-2009","45-49",2,7201
"67000290","2005-2009","50-54",44,91987
"67000290","2005-2009","55-59",7,11237
"67000290","2005-2009","60-64",98,69113
"67000290","2005-2009","65-69",94,53429
"67000290","2005-2009","70-74",34,10058
"67000290","2005-2009","75-79",112,28954
"67000290","2005-2009","80-84",56,14074
"67000290","2010-2014","40-44",10,36517
"67000290","2010-2014","45-49",24,101700
"67000290","2010-2014","50-54",6,12140
"67000290","2010-2014","55-59",12,15578
"67000290","2010-2014","60-64",51,45007
"67000290","2010-2014","65-69",172,93536
"67000290","2010-2014","70-74",15,6859
"67000290","2010-2014","75-79",59,17884
"67000290","2010-2014","80-84",125,37066
"67000290","2015-2019","40-44",20,61292
"67000290","2015-2019","45-49",28,84174
"67000290","2015-2019","50-54",20,54920
"67000290","2015-2019","55-59",27,45381
"67000290","2015-2019","60-64",22,21980
"67000290","2015-2019","65-69",128,76483
"67000290","2015-2019","70-74",54,26207
"67000290","2015-2019","75-79",365,115119
"67000290","2015-2019","80-84",200,43555
"67000300","1995-1999","40-44",21,43699
"67000300","1995-1999","45-49",12,22411
"67000300","1995-1999","50-54",35,42079
"67000300","1995-1999","55-59",158,152394
"67000300","1995-1999","60-64",30,20357
"67000300","1995-1999","65-69",45,23843
"67000300","1995-1999","70-74",349,138432
"67000300","1995-1999","75-79",75,23096
"67000300","1995-1999","80-84",70,22199
"67000300","2000-2004","40-44",44,156016
"67000300","2000-2004","45-49",26,76170
"67000300","2000-2004","50-54",53,65565
"67000300","2000-2004","55-59",10,14810
"67000300","2000-2004","60-64",84,57129
"67000300","2000-2004","65-69",31,22475
"67000300","2000-2004","70-74",219,76994
"67000300","2000-2004","75-79",150,52826
"67000300","2000-2004","80-84",160,38884
"67000300","2005-2009","40-44",11,43538
"67000300","2005-2009","45-49",9,25541
"67000300","2005-2009","50-54",37,74952
"67000300","2005-2009","55-59",27,26657
"67000300","2005-2009","60-64",16,14432
"67000300","2005-2009","65-69",15,7472
"67000300","2005-2009","70-74",65,23168
"67000300","2005-2009","75-79",74,20609
"67000300","2005-2009","80-84",166,40761
"67000300","2010-2014","40-44",36,110082
"67000300","2010-2014","45-49",5,22624
"67000300","2010-2014","50-54",16,38108
"67000300","2010-2014","55-59",44,59708
"67000300","2010-2014","60-64",105,104670
"67000300","2010-2014","65-69",30,17899
"67000300","2010-2014","70-74",73,27224
"67000300","2010-2014","75-79",46,13367
"67000300","2010-2014","80-84",9,2570
"67000300","2015-2019","40-44",7,35686
"67000300","2015-2019","45-49",16,55419
"67000300","2015-2019","50-54",7,19621
"67000300","2015-2019","55-59",15,25760
"67000300","2015-2019","60-64",104,106695
"67000300","2015-2019","65-69",33,21557
"67000300","2015-2019","70-74",120,56574
"67000300","2015-2019","75-79",268,80567
"67000300","2015-2019","80-84",21,6056
"67000310","1995-1999","40-44",21,49749
"67000310","1995-1999","45-49",9,14287
"67000310","1995-1999","50-54",6,11953
"67000310","1995-1999","55-59",64,53527
"67000310","1995-1999","60-64",16,6703
"67000310","1995-1999","65-69",30,20211
"67000310","1995-1999","70-74",43,32487
"67000310","1995-1999","75-79",76,34690
"67000310","1995-1999","80-84",67,22932
"67000310","2000-2004","40-44",19,76008
"67000310","2000-2004","45-49",17,51934
"67000310","2000-2004","50-54",26,30452
"67000310","2000-2004","55-59",37,34206
"67000310","2000-2004","60-64",99,62165
"67000310","2000-2004","65-69",53,26192
"67000310","2000-2004","70-74",280,110480
"67000310","2000-2004","75-79",66,24604
"67000310","2000-2004","80-84",58,25184
"67000310","2005-2009","40-44",9,31804
"67000310","2005-2009","45-49",20,41141
"67000310","2005-2009","50-54",34,44325
"67000310","2005-2009","55-59",37,34945
"67000310","2005-2009","60-64",190,118973
"67000310","2005-2009","65-69",84,36554
"67000310","2005-2009","70-74",166,55487
"67000310","2005-2009","75-79",224,76130
"67000310","2005-2009","80-84",68,29149
"67000310","2010-2014","40-44",3,14861
"67000310","2010-2014","45-49",16,63154
"67000310","2010-2014","50-54",9,19904
"67000310","2010-2014","55-59",15,9002
"67000310","2010-2014","60-64",37,30955
"67000310","2010-2014","65-69",130,66634
"67000310","2010-2014","70-74",62,26954
"67000310","2010-2014","75-79",216,58230
"67000310","2010-2014","80-84",536,126566
"67000310","2015-2019","40-44",13,39502
"67000310","2015-2019","45-49",20,49847
"67000310","2015-2019","50-54",24,61852
"67000310","2015-2019","55-59",17,23302
"67000310","2015-2019","60-64",59,39968
"67000310","2015-2019","65-69",79,40817
"67000310","2015-2019","70-74",265,100353
"67000310","2015-2019","75-79",205,61189
"67000310","2015-2019","80-84",394,85089
"67000320","1995-1999","40-44",17,32573
"67000320","1995-1999","45-49",13,30896
"67000320","1995-1999","50-54",113,139183
"67000320","1995-1999","55-59",40,36380
"67000320","1995-1999","60-64",27,32975
"67000320","1995-1999","65-69",47,31074
"67000320","1995-1999","70-74",120,59631
"67000320","1995-1999","75-79",48,23989
"67000320","1995-1999","80-84",43,15757
"67000320","2000-2004","40-44",54,169628
"67000320","2000-2004","45-49",16,22828
"67000320","2000-2004","50-54",30,39463
"67000320","2000-2004","55-59",4,5141
"67000320","2000-2004","60-64",171,119885
"67000320","2000-2004","65-69",48,34311
"67000320","2000-2004","70-74",573,273544
"67000320","2000-2004","75-79",49,18307
"67000320","2000-2004","80-84",65,20657
"67000320","2005-2009","40-44",8,37723
"67000320","2005-2009","45-49",7,26627
"67000320","2005-2009","50-54",5,4974
"67000320","2005-2009","55-59",31,39038
"67000320","2005-2009","60-64",142,100028
"67000320","2005-2009","65-69",16,8770
"67000320","2005-2009","70-74",69,34637
"67000320","2005-2009","75-79",261,98750
"67000320","2005-2009","80-84",32,12809
"67000320","2010-2014","40-44",8,26283
"67000320","2010-2014","45-49",7,16787
"67000320","2010-2014","50-54",9,8344
"67000320","2010-2014","55-59",8,15567
"67000320","2010-2014","60-64",77,69881
"67000320","2010-2014","65-69",37,22213
"67000320","2010-2014","70-74",76,32502
"67000320","2010-2014","75-79",251,91877
"67000320","2010-2014","80-84",98,26898
"67000320","2015-2019","40-44",8,35342
"67000320","2015-2019","45-49",4,17539
"67000320","2015-2019","50-54",4,10565
"67000320","2015-2019","55-59",28,40363
"67000320","2015-2019","60-64",82,70177
"67000320","2015-2019","65-69",210,131031
"67000320","2015-2019","70-74",123,56111
"67000320","2015-2019","75-79",781,274704
"67000320","2015-2019","80-84",6,2529
"67000330","1995-1999","40-44",9,36516
"67000330","1995-1999","45-49",5,15254
"67000330","1995-1999","50-54",23,33562
"67000330","1995-1999","55-59",24,35273
"67000330","1995-1999","60-64",33,25945
"67000330","1995-1999","65-69",36,34954
"67000330","1995-1999","70-74",64,51413
"67000330","1995-1999","75-79",50,25296
"67000330","1995-1999","80-84",51,18216
"67000330","2000-2004","40-44",3,22213
"67000330","2000-2004","45-49",2,19220
"67000330","2000-2004","50-54",124,196198
"67000330","2000-2004","55-59",13,14206
"67000330","2000-2004","60-64",22,16733
"67000330","2000-2004","65-69",143,102809
"67000330","2000-2004","70-74",17,10740
"67000330","2000-2004","75-79",41,19505
"67000330","2000-2004","80-84",98,35028
"67000330","2005-2009","40-44",6,32385
"67000330","2005-2009","45-49",6,18466
"67000330","2005-2009","50-54",2,7956
"67000330","2005-2009","55-59",23,31501
"67000330","2005-2009","60-64",44,34665
"67000330","2005-2009","65-69",71,44797
"67000330","2005-2009","70-74",49,22760
"67000330","2005-2009","75-79",49,21223
"67000330","2005-2009","80-84",331,118712
"67000330","2010-2014","40-44",9,20592
"67000330","2010-2014","45-49",48,143810
"67000330","2010-2014","50-54",3,10935
"67000330","2010-2014","55-59",2,7794
"67000330","2010-2014","60-64",75,63863
"67000330","2010-2014","65-69",55,45679
"67000330","2010-2014","70-74",143,64297
"67000330","2010-2014","75-79",228,90074
"67000330","2010-2014","80-84",22,8034
"67000330","2015-2019","40-44",41,136184
"67000330","2015-2019","45-49",8,12048
"67000330","2015-2019","50-54",6,13195
"67000330","2015-2019","55-59",67,104289
"67000330","2015-2019","60-64",19,24462
"67000330","2015-2019","65-69",57,51114
"67000330","2015-2019","70-74",116,67326
"67000330","2015-2019","75-79",11,4386
"67000330","2015-2019","80-84",65,14674
"67000340","1995-1999","40-44",12,31329
"67000340","1995-1999","45-49",221,409444
"67000340","1995-1999","50-54",55,71106
"67000340","1995-1999","55-59",7,9426
"67000340","1995-1999","60-64",75,56011
"67000340","1995-1999","65-69",20,15937
"67000340","1995-1999","70-74",31,20252
"67000340","1995-1999","75-79",52,27860
"67000340","1995-1999","80-84",265,112080
"67000340","2000-2004","40-44",10,37845
"67000340","2000-2004","45-49",16,59908
"67000340","2000-2004","50-54",37,40842
"67000340","2000-2004","55-59",12,13038
"67000340","2000-2004","60-64",38,28411
"67000340","2000-2004","65-69",72,40280
"67000340","2000-2004","70-74",148,69989
"67000340","2000-2004","75-79",479,209082
"67000340","2000-2004","80-84",56,19158
"67000340","2005-2009","40-44",6,28559
"67000340","2005-2009","45-49",11,29005
"67000340","2005-2009","50-54",13,31288
"67000340","2005-2009","55-59",10,15925
"67000340","2005-2009","60-64",15,9668
"67000340","2005-2009","65-69",14,7053
"67000340","2005-2009","70-74",20,13281
"67000340","2005-2009","75-79",110,41366
"67000340","2005-2009","80-84",27,8353
"67000340","2010-2014","40-44",3,17510
"67000340","2010-2014","45-49",39,111310
"67000340","2010-2014","50-54",33,60382
"67000340","2010-2014","55-59",21,20531
"67000340","2010-2014","60-64",15,16923
"67000340","2010-2014","65-69",99,52508
"67000340","2010-2014","70-74",170,67312
"67000340","2010-2014","75-79",49,17130
"67000340","2010-2014","80-84",688,196122
"67000340","2015-2019","40-44",2,6614
"67000340","2015-2019","45-49",14,38783
"67000340","2015-2019","50-54",14,26039
"67000340","2015-2019","55-59",5,21307
"67000340","2015-2019","60-64",55,56393
"67000340","2015-2019","65-69",6,3690
"67000340","2015-2019","70-74",80,37454
"67000340","2015-2019","75-79",82,27885
"67000340","2015-2019","80-84",72,19174
"67000350","1995-1999","40-44",18,54081
"67000350","1995-1999","45-49",5,9798
"67000350","1995-1999","50-54",129,176745
"67000350","1995-1999","55-59",116,131138
"67000350","1995-1999","60-64",34,26779
"67000350","1995-1999","65-69",12,14389
"67000350","1995-1999","70-74",56,36562
"67000350","1995-1999","75-79",70,38961
"67000350","1995-1999","80-84",79,35410
"67000350","2000-2004","40-44",12,33766
"67000350","2000-2004","45-49",28,57419
"67000350","2000-2004","50-54",17,21143
"67000350","2000-2004","55-59",67,65661
"67000350","2000-2004","60-64",42,35304
"67000350","2000-2004","65-69",42,30550
"67000350","2000-2004","70-74",84,48320
"67000350","2000-2004","75-79",32,11594
"67000350","2000-2004","80-84",187,70057
"67000350","2005-2009","40-44",4,14687
"67000350","2005-2009","45-49",30,103705
"67000350","2005-2009","50-54",53,92158
"67000350","2005-2009","55-59",81,59211
"67000350","2005-2009","60-64",112,80215
"67000350","2005-2009","65-69",153,97118
"67000350","2005-2009","70-74",49,24353
"67000350","2005-2009","75-79",38,21416
"67000350","2005-2009","80-84",125,40455
"67000350","2010-2014","40-44",8,29679
"67000350","2010-2014","45-49",8,30765
"67000350","2010-2014","50-54",13,20730
"67000350","2010-2014","55-59",77,80946
"67000350","2010-2014","60-64",17,11191
"67000350","2010-2014","65-69",119,80701
"67000350","2010-2014","70-74",78,39851
"67000350","2010-2014","75-79",18,6878
"67000350","2010-2014","80-84",42,14016
"67000350","2015-2019","40-44",5,20706
"67000350","2015-2019","45-49",18,52488
"67000350","2015-2019","50-54",7,12347
"67000350","2015-2019","55-59",17,20155
"67000350","2015-2019","60-64",40,37660
"67000350","2015-2019","65-69",91,47193
"67000350","2015-2019","70-74",282,125543
"67000350","2015-2019","75-79",75,32890
"67000350","2015-2019","80-84",104,28798
"67000360","1995-1999","40-44",8,23172
"67000360","1995-1999","45-49",9,13393
"67000360","1995-1999","50-54",32,42110
"67000360","1995-1999","55-59",38,34602
"67000360","1995-1999","60-64",26,17950
"67000360","1995-1999","65-69",42,36430
"67000360","1995-1999","70-74",57,33987
"67000360","1995-1999","75-79",104,60490
"67000360","1995-1999","80-84",59,22750
"67000360","2000-2004","40-44",7,29247
"67000360","2000-2004","45-49",20,46979
"67000360","2000-2004","50-54",47,72753
"67000360","2000-2004","55-59",38,38454
"67000360","2000-2004","60-64",19,19966
"67000360","2000-2004","65-69",246,170142
"67000360","2000-2004","70-74",27,17612
"67000360","2000-2004","75-79",85,41644
"67000360","2000-2004","80-84",51,18737
"67000360","2005-2009","40-44",2,11558
"67000360","2005-2009","45-49",2,6467
"67000360","2005-2009","50-54",19,50863
"67000360","2005-2009","55-59",43,44274
"67000360","2005-2009","60-64",43,44661
"67000360","2005-2009","65-69",120,79224
"67000360","2005-2009","70-74",35,20921
"67000360","2005-2009","75-79",23,14995
"67000360","2005-2009","80-84",59,21958
"67000360","2010-2014","40-44",2,16123
"67000360","2010-2014","45-49",7,17795
"67000360","2010-2014","50-54",22,49945
"67000360","2010-2014","55-59",83,124210
"67000360","2010-2014","60-64",48,42931
"67000360","2010-2014","65-69",222,143907
"67000360","2010-2014","70-74",149,64155
"67000360","2010-2014","75-79",37,9979
"67000360","2010-2014","80-84",402,138210
"67000360","2015-2019","40-44",18,54270
"67000360","2015-2019","45-49",13,31476
"67000360","2015-2019","50-54",29,56427
"67000360","2015-2019","55-59",24,30884
"67000360","2015-2019","60-64",35,32972
"67000360","2015-2019","65-69",15,9889
"67000360","2015-2019","70-74",114,56882
"67000360","2015-2019","75-79",268,98871
"67000360","2015-2019","80-84",141,35436
"67000370","1995-1999","40-44",3,9977
"67000370","1995-1999","45-49",5,11581
"67000370","1995-1999","50-54",8,22125
"67000370","1995-1999","55-59",28,29087
"67000370","1995-1999","60-64",64,54184
"67000370","1995-1999","65-69",83,63207
"67000370","1995-1999","70-74",63,44670
"67000370","1995-1999","75-79",88,46517
"67000370","1995-1999","80-84",83,38718
"67000370","2000-2004","40-44",13,39091
"67000370","2000-2004","45-49",29,67426
"67000370","2000-2004","50-54",13,23094
"67000370","2000-2004","55-59",9,7594
"67000370","2000-2004","60-64",133,97032
"67000370","2000-2004","65-69",27,14957
"67000370","2000-2004","70-74",112,65299
"67000370","2000-2004","75-79",109,46290
"67000370","2000-2004","80-84",120,42889
"67000370","2005-2009","40-44",10,28231
"67000370","2005-2009","45-49",2,7435
"67000370","2005-2009","50-54",28,75494
"67000370","2005-2009","55-59",34,49113
"67000370","2005-2009","60-64",22,19859
"67000370","2005-2009","65-69",61,34053
"67000370","2005-2009","70-74",107,53497
"67000370","2005-2009","75-79",123,48105
"67000370","2005-2009","80-84",72,28499
"67000370","2010-2014","40-44",53,160448
"67000370","2010-2014","45-49",11,23466
"67000370","2010-2014","50-54",31,62371
"67000370","2010-2014","55-59",28,35622
"67000370","2010-2014","60-64",29,31749
"67000370","2010-2014","65-69",142,74388
"67000370","2010-2014","70-74",251,94241
"67000370","2010-2014","75-79",51,21518
"67000370","2010-2014","80-84",34,11414
"67000370","2015-2019","40-44",7,18343
"67000370","2015-2019","45-49",11,32907
"67000370","2015-2019","50-54",16,43598
"67000370","2015-2019","55-59",19,31017
"67000370","2015-2019","60-64",28,31602
"67000370","2015-2019","65-69",111,63975
"67000370","2015-2019","70-74",50,23068
"67000370","2015-2019","75-79",227,71752
"67000370","2015-2019","80-84",287,72144
