"TOWNCODE","PERIOD","AGE","CASE","POP"
"10010010","1995-1999","40-44",10,32472
"10010010","1995-1999","45-49",23,41258
"10010010","1995-1999","50-54",62,88393
"10010010","1995-1999","55-59",25,23420
"10010010","1995-1999","60-64",54,48553
"10010010","1995-1999","65-69",16,11045
"10010010","1995-1999","70-74",114,66560
"10010010","1995-1999","75-79",235,111817
"10010010","1995-1999","80-84",83,30718
"10010010","2000-2004","40-44",14,47262
"10010010","2000-2004","45-49",18,28559
"10010010","2000-2004","50-54",66,84921
"10010010","2000-2004","55-59",24,24324
"10010010","2000-2004","60-64",51,56269
"10010010","2000-2004","65-69",12,8877
"10010010","2000-2004","70-74",23,13931
"10010010","2000-2004","75-79",166,72033
"10010010","2000-2004","80-84",53,20071
"10010010","2005-2009","40-44",5,12510
"10010010","2005-2009","45-49",14,22820
"10010010","2005-2009","50-54",15,30156
"10010010","2005-2009","55-59",81,105514
"10010010","2005-2009","60-64",20,19511
"10010010","2005-2009","65-69",307,197693
"10010010","2005-2009","70-74",88,39321
"10010010","2005-2009","75-79",78,31971
"10010010","2005-2009","80-84",341,119146
"10010010","2010-2014","40-44",2,15847
"10010010","2010-2014","45-49",5,12848
"10010010","2010-2014","50-54",9,18806
"10010010","2010-2014","55-59",37,44452
"10010010","2010-2014","60-64",98,78185
"10010010","2010-2014","65-69",293,190561
"10010010","2010-2014","70-74",95,48346
"10010010","2010-2014","75-79",104,35079
"10010010","2010-2014","80-84",111,34006
"10010010","2015-2019","40-44",9,26550
"10010010","2015-2019","45-49",3,9104
"10010010","2015-2019","50-54",14,30989
"10010010","2015-2019","55-59",22,34636
"10010010","2015-2019","60-64",183,160040
"10010010","2015-2019","65-69",255,164987
"10010010","2015-2019","70-74",23,9614
"10010010","2015-2019","75-79",123,38011
"10010010","2015-2019","80-84",100,26489
"10010020","1995-1999","40-44",11,47842
"10010020","1995-1999","45-49",5,16034
"10010020","1995-1999","50-54",11,9642
"10010020","1995-1999","55-59",42,41380
"10010020","1995-1999","60-64",61,54205
"10010020","1995-1999","65-69",16,13284
"10010020","1995-1999","70-74",59,38077
"10010020","1995-1999","75-79",308,155393
"10010020","1995-1999","80-84",126,42886
"10010020","2000-2004","40-44",6,16237
"10010020","2000-2004","45-49",8,19494
"10010020","2000-2004","50-54",2,10526
"10010020","2000-2004","55-59",20,16963
"10010020","2000-2004","60-64",120,102834
"10010020","2000-2004","65-69",11,6844
"10010020","2000-2004","70-74",124,71826
"10010020","2000-2004","75-79",40,16613
"10010020","2000-2004","80-84",272,88117
"10010020","2005-2009","40-44",7,19839
"10010020","2005-2009","45-49",14,37337
"10010020","2005-2009","50-54",8,10653
"10010020","2005-2009","55-59",71,74607
"10010020","2005-2009","60-64",16,12009
"10010020","2005-2009","65-69",29,15126
"10010020","2005-2009","70-74",113,64290
"10010020","2005-2009","75-79",75,28710
"10010020","2005-2009","80-84",25,7384
"10010020","2010-2014","40-44",2,13635
"10010020","2010-2014","45-49",20,46016
"10010020","2010-2014","50-54",11,18249
"10010020","2010-2014","55-59",22,23865
"10010020","2010-2014","60-64",44,33591
"10010020","2010-2014","65-69",17,9682
"10010020","2010-2014","70-74",72,29653
"10010020","2010-2014","75-79",54,15375
"10010020","2010-2014","80-84",145,44174
"10010020","2015-2019","40-44",6,49625
"10010020","2015-2019","45-49",7,25017
"10010020","2015-2019","50-54",6,13687
"10010020","2015-2019","55-59",143,167070
"10010020","2015-2019","60-64",27,19692
"10010020","2015-2019","65-69",80,49131
"10010020","2015-2019","70-74",17,8126
"10010020","2015-2019","75-79",180,61377
"10010020","2015-2019","80-84",35,9851
"10010030","1995-1999","40-44",13,38042
"10010030","1995-1999","45-49",31,65869
"10010030","1995-1999","50-54",58,79413
"10010030","1995-1999","55-59",30,25632
"10010030","1995-1999","60-64",16,9049
"10010030","1995-1999","65-69",16,14948
"10010030","1995-1999","70-74",152,79773
"10010030","1995-1999","75-79",146,69740
"10010030","1995-1999","80-84",303,124514
"10010030","2000-2004","40-44",50,158870
"10010030","2000-2004","45-49",30,70491
"10010030","2000-2004","50-54",23,25463
"10010030","2000-2004","55-59",257,217405
"10010030","2000-2004","60-64",332,251136
"10010030","2000-2004","65-69",69,46825
"10010030","2000-2004","70-74",19,11293
"10010030","2000-2004","75-79",61,25373
"10010030","2000-2004","80-84",138,50271
"10010030","2005-2009","40-44",5,24972
"10010030","2005-2009","45-49",3,7038
"10010030","2005-2009","50-54",3,12747
"10010030","2005-2009","55-59",36,34549
"10010030","2005-2009","60-64",87,67936
"10010030","2005-2009","65-69",193,118512
"10010030","2005-2009","70-74",37,18591
"10010030","2005-2009","75-79",53,19066
"10010030","2005-2009","80-84",161,52516
"10010030","2010-2014","40-44",4,30394
"10010030","2010-2014","45-49",28,64162
"10010030","2010-2014","50-54",17,24144
"10010030","2010-2014","55-59",25,22770
"10010030","2010-2014","60-64",25,20853
"10010030","2010-2014","65-69",20,10938
"10010030","2010-2014","70-74",8,2633
"10010030","2010-2014","75-79",76,19358
"10010030","2010-2014","80-84",124,36964
"10010030","2015-2019","40-44",14,65686
"10010030","2015-2019","45-49",12,32246
"10010030","2015-2019","50-54",14,28035
"10010030","2015-2019","55-59",13,23256
"10010030","2015-2019","60-64",68,53823
"10010030","2015-2019","65-69",185,107358
"10010030","2015-2019","70-74",37,14253
"10010030","2015-2019","75-79",102,36207
"10010030","2015-2019","80-84",69,19421
"10010040","1995-1999","40-44",7,22844
"10010040","1995-1999","45-49",25,60116
"10010040","1995-1999","50-54",32,61185
"10010040","1995-1999","55-59",9,18389
"10010040","1995-1999","60-64",13,14867
"10010040","1995-1999","65-69",25,17093
"10010040","1995-1999","70-74",72,40050
"10010040","1995-1999","75-79",32,14268
"10010040","1995-1999","80-84",46,17738
"10010040","2000-2004","40-44",6,25365
"10010040","2000-2004","45-49",0,7408
"10010040","2000-2004","50-54",8,11240
"10010040","2000-2004","55-59",13,11520
"10010040","2000-2004","60-64",24,25985
"10010040","2000-2004","65-69",28,19359
"10010040","2000-2004","70-74",57,28296
"10010040","2000-2004","75-79",175,78883
"10010040","2000-2004","80-84",43,20511
"10010040","2005-2009","40-44",2,9848
"10010040","2005-2009","45-49",2,5801
"10010040","2005-2009","50-54",107,164870
"10010040","2005-2009","55-59",22,31321
"10010040","2005-2009","60-64",133,134802
"10010040","2005-2009","65-69",10,7541
"10010040","2005-2009","70-74",130,80761
"10010040","2005-2009","75-79",29,14077
"10010040","2005-2009","80-84",40,13824
"10010040","2010-2014","40-44",5,13654
"10010040","2010-2014","45-49",8,24151
"10010040","2010-2014","50-54",7,19903
"10010040","2010-2014","55-59",136,194673
"10010040","2010-2014","60-64",33,39095
"10010040","2010-2014","65-69",49,37028
"10010040","2010-2014","70-74",66,42566
"10010040","2010-2014","75-79",94,39844
"10010040","2010-2014","80-84",44,15989
"10010040","2015-2019","40-44",4,13334
"10010040","2015-2019","45-49",5,15474
"10010040","2015-2019","50-54",133,253907
"10010040","2015-2019","55-59",15,14589
"10010040","2015-2019","60-64",31,29357
"10010040","2015-2019","65-69",204,145698
"10010040","2015-2019","70-74",123,62722
"10010040","2015-2019","75-79",130,65500
"10010040","2015-2019","80-84",424,132372
"10010050","1995-1999","40-44",28,109429
"10010050","1995-1999","45-49",5,9115
"10010050","1995-1999","50-54",15,30495
"10010050","1995-1999","55-59",16,25087
"10010050","1995-1999","60-64",22,25192
"10010050","1995-1999","65-69",6,6255
"10010050","1995-1999","70-74",21,11692
"10010050","1995-1999","75-79",149,72912
"10010050","1995-1999","80-84",53,21143
"10010050","2000-2004","40-44",11,49053
"10010050","2000-2004","45-49",6,18724
"10010050","2000-2004","50-54",10,9053
"10010050","2000-2004","55-59",26,27210
"10010050","2000-2004","60-64",22,22960
"10010050","2000-2004","65-69",58,40920
"10010050","2000-2004","70-74",17,8475
"10010050","2000-2004","75-79",183,76793
"10010050","2000-2004","80-84",206,59850
"10010050","2005-2009","40-44",10,30741
"10010050","2005-2009","45-49",11,23291
"10010050","2005-2009","50-54",13,26991
"10010050","2005-2009","55-59",8,18371
"10010050","2005-2009","60-64",14,10695
"10010050","2005-2009","65-69",35,23063
"10010050","2005-2009","70-74",70,39075
"10010050","2005-2009","75-79",125,45897
"10010050","2005-2009","80-84",75,21576
"10010050","2010-2014","40-44",26,71134
"10010050","2010-2014","45-49",17,42554
"10010050","2010-2014","50-54",8,15729
"10010050","2010-2014","55-59",12,14934
"10010050","2010-2014","60-64",235,211933
"10010050","2010-2014","65-69",94,57501
"10010050","2010-2014","70-74",220,111411
"10010050","2010-2014","75-79",97,40704
"10010050","2010-2014","80-84",86,23222
"10010050","2015-2019","40-44",7,20062
"10010050","2015-2019","45-49",22,43760
"10010050","2015-2019","50-54",11,27153
"10010050","2015-2019","55-59",283,374435
"10010050","2015-2019","60-64",63,52185
"10010050","2015-2019","65-69",93,74786
"10010050","2015-2019","70-74",53,25276
"10010050","2015-2019","75-79",61,29107
"10010050","2015-2019","80-84",195,71677
"10010060","1995-1999","40-44",23,67390
"10010060","1995-1999","45-49",2,9034
"10010060","1995-1999","50-54",6,19808
"10010060","1995-1999","55-59",10,18314
"10010060","1995-1999","60-64",43,62983
"10010060","1995-1999","65-69",3,4561
"10010060","1995-1999","70-74",123,73572
"10010060","1995-1999","75-79",12,4933
"10010060","1995-1999","80-84",76,33067
"10010060","2000-2004","40-44",3,12679
"10010060","2000-2004","45-49",17,65319
"10010060","2000-2004","50-54",30,82036
"10010060","2000-2004","55-59",14,27274
"10010060","2000-2004","60-64",14,19080
"10010060","2000-2004","65-69",35,29926
"10010060","2000-2004","70-74",78,51404
"10010060","2000-2004","75-79",32,17457
"10010060","2000-2004","80-84",40,15174
"10010060","2005-2009","40-44",4,20242
"10010060","2005-2009","45-49",5,23567
"10010060","2005-2009","50-54",30,57918
"10010060","2005-2009","55-59",5,11284
"10010060","2005-2009","60-64",64,63748
"10010060","2005-2009","65-69",44,25781
"10010060","2005-2009","70-74",44,22260
"10010060","2005-2009","75-79",80,38056
"10010060","2005-2009","80-84",84,37964
"10010060","2010-2014","40-44",55,219585
"10010060","2010-2014","45-49",18,50223
"10010060","2010-2014","50-54",69,107084
"10010060","2010-2014","55-59",15,19325
"10010060","2010-2014","60-64",25,29919
"10010060","2010-2014","65-69",28,17783
"10010060","2010-2014","70-74",27,16851
"10010060","2010-2014","75-79",572,251790
"10010060","2010-2014","80-84",96,29860
"10010060","2015-2019","40-44",18,57411
"10010060","2015-2019","45-49",27,88463
"10010060","2015-2019","50-54",27,75600
"10010060","2015-2019","55-59",43,70656
"10010060","2015-2019","60-64",16,16843
"10010060","2015-2019","65-69",91,78686
"10010060","2015-2019","70-74",70,43677
"10010060","2015-2019","75-79",345,139109
"10010060","2015-2019","80-84",272,91499
"10010070","1995-1999","40-44",7,25779
"10010070","1995-1999","45-49",5,8428
"10010070","1995-1999","50-54",21,42610
"10010070","1995-1999","55-59",20,32432
"10010070","1995-1999","60-64",24,28588
"10010070","1995-1999","65-69",349,285796
"10010070","1995-1999","70-74",58,42408
"10010070","1995-1999","75-79",83,47138
"10010070","1995-1999","80-84",240,90929
"10010070","2000-2004","40-44",98,256073
"10010070","2000-2004","45-49",18,29596
"10010070","2000-2004","50-54",29,54685
"10010070","2000-2004","55-59",17,28099
"10010070","2000-2004","60-64",61,57847
"10010070","2000-2004","65-69",18,15544
"10010070","2000-2004","70-74",13,8451
"10010070","2000-2004","75-79",117,48884
"10010070","2000-2004","80-84",69,25988
"10010070","2005-2009","40-44",6,20993
"10010070","2005-2009","45-49",5,12114
"10010070","2005-2009","50-54",31,78633
"10010070","2005-2009","55-59",53,63292
"10010070","2005-2009","60-64",23,26394
"10010070","2005-2009","65-69",149,110725
"10010070","2005-2009","70-74",22,17990
"10010070","2005-2009","75-79",56,21563
"10010070","2005-2009","80-84",170,66202
"10010070","2010-2014","40-44",11,35729
"10010070","2010-2014","45-49",14,41659
"10010070","2010-2014","50-54",7,9470
"10010070","2010-2014","55-59",18,21904
"10010070","2010-2014","60-64",129,125843
"10010070","2010-2014","65-69",37,26364
"10010070","2010-2014","70-74",43,17382
"10010070","2010-2014","75-79",175,79480
"10010070","2010-2014","80-84",31,10256
"10010070","2015-2019","40-44",70,269122
"10010070","2015-2019","45-49",20,49763
"10010070","2015-2019","50-54",30,44979
"10010070","2015-2019","55-59",37,76504
"10010070","2015-2019","60-64",67,66666
"10010070","2015-2019","65-69",45,28010
"10010070","2015-2019","70-74",79,41397
"10010070","2015-2019","75-79",144,64115
"10010070","2015-2019","80-84",11,2170
"10010080","1995-1999","40-44",3,20868
"10010080","1995-1999","45-49",7,12539
"10010080","1995-1999","50-54",7,23147
"10010080","1995-1999","55-59",34,47999
"10010080","1995-1999","60-64",34,31441
"10010080","1995-1999","65-69",96,72663
"10010080","1995-1999","70-74",26,18104
"10010080","1995-1999","75-79",100,48461
"10010080","1995-1999","80-84",576,219204
"10010080","2000-2004","40-44",18,50490
"10010080","2000-2004","45-49",7,24801
"10010080","2000-2004","50-54",10,22833
"10010080","2000-2004","55-59",59,78468
"10010080","2000-2004","60-64",197,188163
"10010080","2000-2004","65-69",4,7705
"10010080","2000-2004","70-74",49,33475
"10010080","2000-2004","75-79",178,81265
"10010080","2000-2004","80-84",59,22807
"10010080","2005-2009","40-44",15,48065
"10010080","2005-2009","45-49",12,29606
"10010080","2005-2009","50-54",71,111118
"10010080","2005-2009","55-59",121,148193
"10010080","2005-2009","60-64",22,18358
"10010080","2005-2009","65-69",158,128134
"10010080","2005-2009","70-74",87,52829
"10010080","2005-2009","75-79",281,123110
"10010080","2005-2009","80-84",415,150177
"10010080","2010-2014","40-44",23,60414
"10010080","2010-2014","45-49",8,31489
"10010080","2010-2014","50-54",62,118837
"10010080","2010-2014","55-59",36,55977
"10010080","2010-2014","60-64",24,20232
"10010080","2010-2014","65-69",156,107764
"10010080","2010-2014","70-74",57,30980
"10010080","2010-2014","75-79",274,107104
"10010080","2010-2014","80-84",215,71633
"10010080","2015-2019","40-44",9,44935
"10010080","2015-2019","45-49",10,33221
"10010080","2015-2019","50-54",11,21197
"10010080","2015-2019","55-59",12,14482
"10010080","2015-2019","60-64",20,22895
"10010080","2015-2019","65-69",47,34949
"10010080","2015-2019","70-74",111,54371
"10010080","2015-2019","75-79",64,28732
"10010080","2015-2019","80-84",106,29237
"10010090","1995-1999","40-44",5,13740
"10010090","1995-1999","45-49",15,44529
"10010090","1995-1999","50-54",28,43727
"10010090","1995-1999","55-59",18,22139
"10010090","1995-1999","60-64",119,139293
"10010090","1995-1999","65-69",83,63224
"10010090","1995-1999","70-74",77,47433
"10010090","1995-1999","75-79",60,25892
"10010090","1995-1999","80-84",151,59826
"10010090","2000-2004","40-44",13,52438
"10010090","2000-2004","45-49",4,13980
"10010090","2000-2004","50-54",7,13987
"10010090","2000-2004","55-59",85,87995
"10010090","2000-2004","60-64",39,22850
"10010090","2000-2004","65-69",28,24382
"10010090","2000-2004","70-74",106,64690
"10010090","2000-2004","75-79",59,25749
"10010090","2000-2004","80-84",58,20057
"10010090","2005-2009","40-44",55,203765
"10010090","2005-2009","45-49",6,11229
"10010090","2005-2009","50-54",8,17022
"10010090","2005-2009","55-59",42,58104
"10010090","2005-2009","60-64",64,63434
"10010090","2005-2009","65-69",269,186149
"10010090","2005-2009","70-74",71,41469
"10010090","2005-2009","75-79",105,51683
"10010090","2005-2009","80-84",254,88889
"10010090","2010-2014","40-44",2,14390
"10010090","2010-2014","45-49",9,23760
"10010090","2010-2014","50-54",62,105888
"10010090","2010-2014","55-59",12,13586
"10010090","2010-2014","60-64",17,15338
"10010090","2010-2014","65-69",12,13985
"10010090","2010-2014","70-74",77,39511
"10010090","2010-2014","75-79",63,25677
"10010090","2010-2014","80-84",40,11101
"10010090","2015-2019","40-44",14,72683
"10010090","2015-2019","45-49",13,39264
"10010090","2015-2019","50-54",21,39169
"10010090","2015-2019","55-59",6,14120
"10010090","2015-2019","60-64",31,35325
"10010090","2015-2019","65-69",41,25535
"10010090","2015-2019","70-74",820,446955
"10010090","2015-2019","75-79",29,14500
"10010090","2015-2019","80-84",16,5581
"10010100","1995-1999","40-44",48,96666
"10010100","1995-1999","45-49",47,73029
"10010100","1995-1999","50-54",31,30595
"10010100","1995-1999","55-59",86,66679
"10010100","1995-1999","60-64",25,22596
"10010100","1995-1999","65-69",24,20179
"10010100","1995-1999","70-74",55,32468
"10010100","1995-1999","75-79",184,79049
"10010100","1995-1999","80-84",167,60570
"10010100","2000-2004","40-44",27,91490
"10010100","2000-2004","45-49",6,13846
"10010100","2000-2004","50-54",40,49032
"10010100","2000-2004","55-59",112,83337
"10010100","2000-2004","60-64",127,78051
"10010100","2000-2004","65-69",74,37617
"10010100","2000-2004","70-74",42,21230
"10010100","2000-2004","75-79",92,37840
"10010100","2000-2004","80-84",104,30539
"10010100","2005-2009","40-44",2,8991
"10010100","2005-2009","45-49",22,50715
"10010100","2005-2009","50-54",41,54378
"10010100","2005-2009","55-59",36,28507
"10010100","2005-2009","60-64",5,5032
"10010100","2005-2009","65-69",120,67176
"10010100","2005-2009","70-74",412,173324
"10010100","2005-2009","75-79",78,29232
"10010100","2005-2009","80-84",151,41655
"10010100","2010-2014","40-44",18,73937
"10010100","2010-2014","45-49",44,88220
"10010100","2010-2014","50-54",16,25045
"10010100","2010-2014","55-59",7,5190
"10010100","2010-2014","60-64",70,46852
"10010100","2010-2014","65-69",28,19546
"10010100","2010-2014","70-74",45,16712
"10010100","2010-2014","75-79",51,13896
"10010100","2010-2014","80-84",51,10713
"10010100","2015-2019","40-44",11,28335
"10010100","2015-2019","45-49",3,9348
"10010100","2015-2019","50-54",16,24953
"10010100","2015-2019","55-59",15,16127
"10010100","2015-2019","60-64",34,23544
"10010100","2015-2019","65-69",76,39662
"10010100","2015-2019","70-74",60,27443
"10010100","2015-2019","75-79",86,24130
"10010100","2015-2019","80-84",69,14269
"10010110","1995-1999","40-44",6,17933
"10010110","1995-1999","45-49",7,17437
"10010110","1995-1999","50-54",36,35117
"10010110","1995-1999","55-59",16,14811
"10010110","1995-1999","60-64",8,7067
"10010110","1995-1999","65-69",122,78333
"10010110","1995-1999","70-74",61,37127
"10010110","1995-1999","75-79",49,19335
"10010110","1995-1999","80-84",43,22357
"10010110","2000-2004","40-44",8,33260
"10010110","2000-2004","45-49",25,43243
"10010110","2000-2004","50-54",40,54695
"10010110","2000-2004","55-59",68,66369
"10010110","2000-2004","60-64",69,57556
"10010110","2000-2004","65-69",50,35431
"10010110","2000-2004","70-74",131,56966
"10010110","2000-2004","75-79",77,24780
"10010110","2000-2004","80-84",56,15780
"10010110","2005-2009","40-44",2,13145
"10010110","2005-2009","45-49",22,49788
"10010110","2005-2009","50-54",14,22488
"10010110","2005-2009","55-59",16,12789
"10010110","2005-2009","60-64",83,62586
"10010110","2005-2009","65-69",90,40808
"10010110","2005-2009","70-74",40,22929
"10010110","2005-2009","75-79",24,8130
"10010110","2005-2009","80-84",52,16510
"10010110","2010-2014","40-44",3,31010
"10010110","2010-2014","45-49",13,30728
"10010110","2010-2014","50-54",58,91845
"10010110","2010-2014","55-59",7,13894
"10010110","2010-2014","60-64",122,82263
"10010110","2010-2014","65-69",76,37796
"10010110","2010-2014","70-74",35,15158
"10010110","2010-2014","75-79",375,115554
"10010110","2010-2014","80-84",546,144402
"10010110","2015-2019","40-44",40,114409
"10010110","2015-2019","45-49",35,89340
"10010110","2015-2019","50-54",125,210820
"10010110","2015-2019","55-59",59,58803
"10010110","2015-2019","60-64",65,43701
"10010110","2015-2019","65-69",109,54754
"10010110","2015-2019","70-74",112,36195
"10010110","2015-2019","75-79",130,36550
"10010110","2015-2019","80-84",57,10950
"10010120","1995-1999","40-44",11,23124
"10010120","1995-1999","45-49",13,38935
"10010120","1995-1999","50-54",11,15132
"10010120","1995-1999","55-59",27,28757
"10010120","1995-1999","60-64",38,31713
"10010120","1995-1999","65-69",23,18527
"10010120","1995-1999","70-74",77,41576
"10010120","1995-1999","75-79",24,10479
"10010120","1995-1999","80-84",184,63910
"10010120","2000-2004","40-44",2,9086
"10010120","2000-2004","45-49",5,6049
"10010120","2000-2004","50-54",2,7739
"10010120","2000-2004","55-59",33,42762
"10010120","2000-2004","60-64",23,20350
"10010120","2000-2004","65-69",69,45049
"10010120","2000-2004","70-74",35,15810
"10010120","2000-2004","75-79",26,11314
"10010120","2000-2004","80-84",97,30278
"10010120","2005-2009","40-44",19,47153
"10010120","2005-2009","45-49",40,58321
"10010120","2005-2009","50-54",30,32249
"10010120","2005-2009","55-59",86,103229
"10010120","2005-2009","60-64",59,41192
"10010120","2005-2009","65-69",25,12319
"10010120","2005-2009","70-74",63,32124
"10010120","2005-2009","75-79",47,13743
"10010120","2005-2009","80-84",87,26564
"10010120","2010-2014","40-44",3,16755
"10010120","2010-2014","45-49",12,30227
"10010120","2010-2014","50-54",19,31574
"10010120","2010-2014","55-59",16,17075
"10010120","2010-2014","60-64",43,35383
"10010120","2010-2014","65-69",40,25339
"10010120","2010-2014","70-74",57,24179
"10010120","2010-2014","75-79",156,44884
"10010120","2010-2014","80-84",129,31547
"10010120","2015-2019","40-44",4,38269
"10010120","2015-2019","45-49",5,7882
"10010120","2015-2019","50-54",15,25966
"10010120","2015-2019","55-59",14,18531
"10010120","2015-2019","60-64",18,14141
"10010120","2015-2019","65-69",76,46802
"10010120","2015-2019","70-74",24,8787
"10010120","2015-2019","75-79",172,53783
"10010120","2015-2019","80-84",146,35110
"10010130","1995-1999","40-44",6,12601
"10010130","1995-1999","45-49",35,64612
"10010130","1995-1999","50-54",20,30648
"10010130","1995-1999","55-59",11,10126
"10010130","1995-1999","60-64",24,14654
"10010130","1995-1999","65-69",79,44387
"10010130","1995-1999","70-74",42,18700
"10010130","1995-1999","75-79",135,59540
"10010130","1995-1999","80-84",27,7276
"10010130","2000-2004","40-44",15,32734
"10010130","2000-2004","45-49",18,23185
"10010130","2000-2004","50-54",38,54094
"10010130","2000-2004","55-59",14,11670
"10010130","2000-2004","60-64",9,10625
"10010130","2000-2004","65-69",111,63645
"10010130","2000-2004","70-74",82,37555
"10010130","2000-2004","75-79",78,28455
"10010130","2000-2004","80-84",72,19475
"10010130","2005-2009","40-44",6,20702
"10010130","2005-2009","45-49",7,11757
"10010130","2005-2009","50-54",13,25349
"10010130","2005-2009","55-59",28,24985
"10010130","2005-2009","60-64",74,58417
"10010130","2005-2009","65-69",122,66277
"10010130","2005-2009","70-74",92,35859
"10010130","2005-2009","75-79",311,102069
"10010130","2005-2009","80-84",295,85672
"10010130","2010-2014","40-44",11,29165
"10010130","2010-2014","45-49",4,12853
"10010130","2010-2014","50-54",33,43906
"10010130","2010-2014","55-59",42,52690
"10010130","2010-2014","60-64",18,14739
"10010130","2010-2014","65-69",98,53342
"10010130","2010-2014","70-74",25,9918
"10010130","2010-2014","75-79",14,4790
"10010130","2010-2014","80-84",71,18487
"10010130","2015-2019","40-44",3,12586
"10010130","2015-2019","45-49",24,52651
"10010130","2015-2019","50-54",17,22013
"10010130","2015-2019","55-59",26,22605
"10010130","2015-2019","60-64",108,90143
"10010130","2015-2019","65-69",43,16179
"10010130","2015-2019","70-74",451,182727
"10010130","2015-2019","75-79",79,17801
"10010130","2015-2019","80-84",75,18589
"10010140","1995-1999","40-44",10,30144
"10010140","1995-1999","45-49",53,110996
"10010140","1995-1999","50-54",19,26966
"10010140","1995-1999","55-59",158,150101
"10010140","1995-1999","60-64",33,23911
"10010140","1995-1999","65-69",143,73246
"10010140","1995-1999","70-74",77,30476
"10010140","1995-1999","75-79",41,16754
"10010140","1995-1999","80-84",28,5770
"10010140","2000-2004","40-44",10,20480
"10010140","2000-2004","45-49",6,15030
"10010140","2000-2004","50-54",62,80328
"10010140","2000-2004","55-59",17,15286
"10010140","2000-2004","60-64",28,28115
"10010140","2000-2004","65-69",21,9948
"10010140","2000-2004","70-74",46,21957
"10010140","2000-2004","75-79",107,36467
"10010140","2000-2004","80-84",128,29678
"10010140","2005-2009","40-44",26,56684
"10010140","2005-2009","45-49",83,165253
"10010140","2005-2009","50-54",44,41068
"10010140","2005-2009","55-59",28,28727
"10010140","2005-2009","60-64",94,69538
"10010140","2005-2009","65-69",465,249723
"10010140","2005-2009","70-74",73,29096
"10010140","2005-2009","75-79",77,25831
"10010140","2005-2009","80-84",132,30369
"10010140","2010-2014","40-44",6,21019
"10010140","2010-2014","45-49",13,24915
"10010140","2010-2014","50-54",295,366475
"10010140","2010-2014","55-59",198,190258
"10010140","2010-2014","60-64",34,24706
"10010140","2010-2014","65-69",277,160941
"10010140","2010-2014","70-74",42,19266
"10010140","2010-2014","75-79",137,47372
"10010140","2010-2014","80-84",317,73428
"10010140","2015-2019","40-44",18,31893
"10010140","2015-2019","45-49",2,5956
"10010140","2015-2019","50-54",54,69845
"10010140","2015-2019","55-59",79,79182
"10010140","2015-2019","60-64",10,15968
"10010140","2015-2019","65-69",60,27073
"10010140","2015-2019","70-74",100,38550
"10010140","2015-2019","75-79",57,19824
"10010140","2015-2019","80-84",139,33758
"10010150","1995-1999","40-44",19,51087
"10010150","1995-1999","45-49",7,16998
"10010150","1995-1999","50-54",34,33733
"10010150","1995-1999","55-59",64,61861
"10010150","1995-1999","60-64",211,148369
"10010150","1995-1999","65-69",25,14452
"10010150","1995-1999","70-74",69,31678
"10010150","1995-1999","75-79",231,72153
"10010150","1995-1999","80-84",131,27899
"10010150","2000-2004","40-44",3,16880
"10010150","2000-2004","45-49",12,25548
"10010150","2000-2004","50-54",10,17329
"10010150","2000-2004","55-59",24,29008
"10010150","2000-2004","60-64",7,8448
"10010150","2000-2004","65-69",19,9671
"10010150","2000-2004","70-74",1,1314
"10010150","2000-2004","75-79",105,34270
"10010150","2000-2004","80-84",412,101354
"10010150","2005-2009","40-44",14,35565
"10010150","2005-2009","45-49",77,151933
"10010150","2005-2009","50-54",54,69806
"10010150","2005-2009","55-59",38,32871
"10010150","2005-2009","60-64",88,63024
"10010150","2005-2009","65-69",47,29274
"10010150","2005-2009","70-74",147,60299
"10010150","2005-2009","75-79",388,116694
"10010150","2005-2009","80-84",63,11766
"10010150","2010-2014","40-44",5,13665
"10010150","2010-2014","45-49",33,68873
"10010150","2010-2014","50-54",41,44121
"10010150","2010-2014","55-59",11,13178
"10010150","2010-2014","60-64",34,27980
"10010150","2010-2014","65-69",103,57379
"10010150","2010-2014","70-74",98,38458
"10010150","2010-2014","75-79",132,44224
"10010150","2010-2014","80-84",24,7995
"10010150","2015-2019","40-44",15,48714
"10010150","2015-2019","45-49",13,17315
"10010150","2015-2019","50-54",30,39125
"10010150","2015-2019","55-59",35,29525
"10010150","2015-2019","60-64",216,133817
"10010150","2015-2019","65-69",22,9878
"10010150","2015-2019","70-74",36,22250
"10010150","2015-2019","75-79",61,21556
"10010150","2015-2019","80-84",254,64036
"10010160","1995-1999","40-44",6,24631
"10010160","1995-1999","45-49",14,23092
"10010160","1995-1999","50-54",48,54840
"10010160","1995-1999","55-59",11,11918
"10010160","1995-1999","60-64",30,20011
"10010160","1995-1999","65-69",47,21477
"10010160","1995-1999","70-74",138,56951
"10010160","1995-1999","75-79",170,52359
"10010160","1995-1999","80-84",323,81653
"10010160","2000-2004","40-44",59,96244
"10010160","2000-2004","45-49",9,28862
"10010160","2000-2004","50-54",19,35291
"10010160","2000-2004","55-59",95,93687
"10010160","2000-2004","60-64",67,35654
"10010160","2000-2004","65-69",70,31165
"10010160","2000-2004","70-74",243,96105
"10010160","2000-2004","75-79",162,48245
"10010160","2000-2004","80-84",323,75155
"10010160","2005-2009","40-44",8,20516
"10010160","2005-2009","45-49",8,15172
"10010160","2005-2009","50-54",5,9578
"10010160","2005-2009","55-59",66,61009
"10010160","2005-2009","60-64",36,27281
"10010160","2005-2009","65-69",39,20886
"10010160","2005-2009","70-74",117,40642
"10010160","2005-2009","75-79",47,14715
"10010160","2005-2009","80-84",39,12272
"10010160","2010-2014","40-44",35,89745
"10010160","2010-2014","45-49",7,17638
"10010160","2010-2014","50-54",16,26000
"10010160","2010-2014","55-59",61,68261
"10010160","2010-2014","60-64",38,19506
"10010160","2010-2014","65-69",363,181624
"10010160","2010-2014","70-74",188,59140
"10010160","2010-2014","75-79",121,36550
"10010160","2010-2014","80-84",642,156446
"10010160","2015-2019","40-44",0,2682
"10010160","2015-2019","45-49",18,25382
"10010160","2015-2019","50-54",32,35390
"10010160","2015-2019","55-59",59,59178
"10010160","2015-2019","60-64",28,19213
"10010160","2015-2019","65-69",41,18113
"10010160","2015-2019","70-74",71,28222
"10010160","2015-2019","75-79",158,46405
"10010160","2015-2019","80-84",150,27750
"10010170","1995-1999","40-44",9,25635
"10010170","1995-1999","45-49",50,73950
"10010170","1995-1999","50-54",16,11780
"10010170","1995-1999","55-59",4,8856
"10010170","1995-1999","60-64",33,26745
"10010170","1995-1999","65-69",58,27187
"10010170","1995-1999","70-74",46,21459
"10010170","1995-1999","75-79",53,17714
"10010170","1995-1999","80-84",63,29365
"10010170","2000-2004","40-44",1,11756
"10010170","2000-2004","45-49",19,29347
"10010170","2000-2004","50-54",40,47743
"10010170","2000-2004","55-59",46,37294
"10010170","2000-2004","60-64",120,73811
"10010170","2000-2004","65-69",119,74888
"10010170","2000-2004","70-74",52,26197
"10010170","2000-2004","75-79",122,45642
"10010170","2000-2004","80-84",296,82055
"10010170","2005-2009","40-44",4,12902
"10010170","2005-2009","45-49",10,15275
"10010170","2005-2009","50-54",19,28268
"10010170","2005-2009","55-59",25,24752
"10010170","2005-2009","60-64",34,31444
"10010170","2005-2009","65-69",96,54314
"10010170","2005-2009","70-74",72,26680
"10010170","2005-2009","75-79",108,36957
"10010170","2005-2009","80-84",39,12155
"10010170","2010-2014","40-44",33,100376
"10010170","2010-2014","45-49",21,36976
"10010170","2010-2014","50-54",32,44405
"10010170","2010-2014","55-59",44,45365
"10010170","2010-2014","60-64",22,30784
"10010170","2010-2014","65-69",123,71943
"10010170","2010-2014","70-74",85,34261
"10010170","2010-2014","75-79",55,19336
"10010170","2010-2014","80-84",142,39415
"10010170","2015-2019","40-44",9,26701
"10010170","2015-2019","45-49",78,202200
"10010170","2015-2019","50-54",14,13503
"10010170","2015-2019","55-59",30,28403
"10010170","2015-2019","60-64",166,119671
"10010170","2015-2019","65-69",13,7139
"10010170","2015-2019","70-74",71,22472
"10010170","2015-2019","75-79",81,27485
"10010170","2015-2019","80-84",156,41320
"10010180","1995-1999","40-44",16,29327
"10010180","1995-1999","45-49",11,22132
"10010180","1995-1999","50-54",91,104149
"10010180","1995-1999","55-59",23,14188
"10010180","1995-1999","60-64",236,152488
"10010180","1995-1999","65-69",217,99983
"10010180","1995-1999","70-74",64,23783
"10010180","1995-1999","75-79",122,37208
"10010180","1995-1999","80-84",138,33389
"10010180","2000-2004","40-44",18,34225
"10010180","2000-2004","45-49",22,36366
"10010180","2000-2004","50-54",48,52263
"10010180","2000-2004","55-59",35,27681
"10010180","2000-2004","60-64",45,34050
"10010180","2000-2004","65-69",230,106412
"10010180","2000-2004","70-74",346,127901
"10010180","2000-2004","75-79",248,60056
"10010180","2000-2004","80-84",141,30933
"10010180","2005-2009","40-44",69,125534
"10010180","2005-2009","45-49",131,199815
"10010180","2005-2009","50-54",30,40738
"10010180","2005-2009","55-59",75,61931
"10010180","2005-2009","60-64",31,23511
"10010180","2005-2009","65-69",101,42506
"10010180","2005-2009","70-74",87,35801
"10010180","2005-2009","75-79",49,16593
"10010180","2005-2009","80-84",104,21397
"10010180","2010-2014","40-44",6,10689
"10010180","2010-2014","45-49",13,17810
"10010180","2010-2014","50-54",180,216120
"10010180","2010-2014","55-59",100,83262
"10010180","2010-2014","60-64",108,56378
"10010180","2010-2014","65-69",46,19970
"10010180","2010-2014","70-74",18,7498
"10010180","2010-2014","75-79",51,14248
"10010180","2010-2014","80-84",74,14494
"10010180","2015-2019","40-44",5,8920
"10010180","2015-2019","45-49",21,39765
"10010180","2015-2019","50-54",101,109117
"10010180","2015-2019","55-59",31,20716
"10010180","2015-2019","60-64",48,29467
"10010180","2015-2019","65-69",66,28231
"10010180","2015-2019","70-74",577,212697
"10010180","2015-2019","75-79",366,97304
"10010180","2015-2019","80-84",51,7102
"10020010","1995-1999","40-44",7,15949
"10020010","1995-1999","45-49",6,21395
"10020010","1995-1999","50-54",60,97778
"10020010","1995-1999","55-59",24,32064
"10020010","1995-1999","60-64",74,65772
"10020010","1995-1999","65-69",21,20257
"10020010","1995-1999","70-74",14,12293
"10020010","1995-1999","75-79",120,47178
"10020010","1995-1999","80-84",268,91182
"10020010","2000-2004","40-44",21,57718
"10020010","2000-2004","45-49",97,195588
"10020010","2000-2004","50-54",30,36008
"10020010","2000-2004","55-59",26,28026
"10020010","2000-2004","60-64",62,44195
"10020010","2000-2004","65-69",40,26657
"10020010","2000-2004","70-74",340,181182
"10020010","2000-2004","75-79",84,29468
"10020010","2000-2004","80-84",49,16774
"10020010","2005-2009","40-44",8,13248
"10020010","2005-2009","45-49",121,278266
"10020010","2005-2009","50-54",51,82671
"10020010","2005-2009","55-59",236,218376
"10020010","2005-2009","60-64",22,18417
"10020010","2005-2009","65-69",9,6847
"10020010","2005-2009","70-74",68,42058
"10020010","2005-2009","75-79",63,24052
"10020010","2005-2009","80-84",199,58459
"10020010","2010-2014","40-44",59,178863
"10020010","2010-2014","45-49",17,46133
"10020010","2010-2014","50-54",43,81519
"10020010","2010-2014","55-59",108,108952
"10020010","2010-2014","60-64",260,231455
"10020010","2010-2014","65-69",53,31725
"10020010","2010-2014","70-74",53,25758
"10020010","2010-2014","75-79",210,77036
"10020010","2010-2014","80-84",189,56573
"10020010","2015-2019","40-44",9,14537
"10020010","2015-2019","45-49",5,19167
"10020010","2015-2019","50-54",42,91869
"10020010","2015-2019","55-59",24,36953
"10020010","2015-2019","60-64",40,36900
"10020010","2015-2019","65-69",66,46502
"10020010","2015-2019","70-74",143,56288
"10020010","2015-2019","75-79",34,10365
"10020010","2015-2019","80-84",48,13379
"10020020","1995-1999","40-44",17,36845
"10020020","1995-1999","45-49",12,17154
"10020020","1995-1999","50-54",40,49680
"10020020","1995-1999","55-59",26,22694
"10020020","1995-1999","60-64",24,19976
"10020020","1995-1999","65-69",92,50411
"10020020","1995-1999","70-74",162,90496
"10020020","1995-1999","75-79",31,10847
"10020020","1995-1999","80-84",70,29512
"10020020","2000-2004","40-44",8,27308
"10020020","2000-2004","45-49",0,3997
"10020020","2000-2004","50-54",31,37850
"10020020","2000-2004","55-59",74,78040
"10020020","2000-2004","60-64",37,34895
"10020020","2000-2004","65-69",182,126028
"10020020","2000-2004","70-74",113,61283
"10020020","2000-2004","75-79",89,40627
"10020020","2000-2004","80-84",131,42344
"10020020","2005-2009","40-44",16,69262
"10020020","2005-2009","45-49",28,68766
"10020020","2005-2009","50-54",20,31437
"10020020","2005-2009","55-59",135,156538
"10020020","2005-2009","60-64",29,23731
"10020020","2005-2009","65-69",199,125812
"10020020","2005-2009","70-74",88,43838
"10020020","2005-2009","75-79",159,63926
"10020020","2005-2009","80-84",287,84976
"10020020","2010-2014","40-44",47,145534
"10020020","2010-2014","45-49",25,60726
"10020020","2010-2014","50-54",21,41836
"10020020","2010-2014","55-59",23,36007
"10020020","2010-2014","60-64",106,98881
"10020020","2010-2014","65-69",6,3106
"10020020","2010-2014","70-74",270,124367
"10020020","2010-2014","75-79",78,29827
"10020020","2010-2014","80-84",128,38789
"10020020","2015-2019","40-44",20,82260
"10020020","2015-2019","45-49",3,20937
"10020020","2015-2019","50-54",10,14866
"10020020","2015-2019","55-59",25,38238
"10020020","2015-2019","60-64",110,100283
"10020020","2015-2019","65-69",80,51085
"10020020","2015-2019","70-74",22,13863
"10020020","2015-2019","75-79",37,12294
"10020020","2015-2019","80-84",53,17252
"67000010","1995-1999","40-44",16,29041
"67000010","1995-1999","45-49",15,22175
"67000010","1995-1999","50-54",26,21700
"67000010","1995-1999","55-59",131,82014
"67000010","1995-1999","60-64",70,42413
"67000010","1995-1999","65-69",47,17262
"67000010","1995-1999","70-74",57,24978
"67000010","1995-1999","75-79",108,41143
"67000010","1995-1999","80-84",41,16300
"67000010","2000-2004","40-44",31,71054
"67000010","2000-2004","45-49",26,32980
"67000010","2000-2004","50-54",73,76786
"67000010","2000-2004","55-59",22,12302
"67000010","2000-2004","60-64",73,32670
"67000010","2000-2004","65-69",122,60908
"67000010","2000-2004","70-74",93,40546
"67000010","2000-2004","75-79",115,41827
"67000010","2000-2004","80-84",159,53005
"67000010","2005-2009","40-44",16,38605
"67000010","2005-2009","45-49",28,44544
"67000010","2005-2009","50-54",3,5420
"67000010","2005-2009","55-59",141,129283
"67000010","2005-2009","60-64",213,111337
"67000010","2005-2009","65-69",116,43945
"67000010","2005-2009","70-74",217,76442
"67000010","2005-2009","75-79",117,34418
"67000010","2005-2009","80-84",1222,324991
"67000010","2010-2014","40-44",65,186066
"67000010","2010-2014","45-49",3,7570
"67000010","2010-2014","50-54",13,20192
"67000010","2010-2014","55-59",25,20517
"67000010","2010-2014","60-64",123,64484
"67000010","2010-2014","65-69",54,23918
"67000010","2010-2014","70-74",62,20419
"67000010","2010-2014","75-79",89,23818
"67000010","2010-2014","80-84",251,57522
"67000010","2015-2019","40-44",14,56406
"67000010","2015-2019","45-49",12,27978
"67000010","2015-2019","50-54",12,11032
"67000010","2015-2019","55-59",25,26968
"67000010","2015-2019","60-64",16,12407
"67000010","2015-2019","65-69",163,64305
"67000010","2015-2019","70-74",220,65417
"67000010","2015-2019","75-79",267,61396
"67000010","2015-2019","80-84",269,56265
"67000020","1995-1999","40-44",4,9268
"67000020","1995-1999","45-49",133,196890
"67000020","1995-1999","50-54",47,53020
"67000020","1995-1999","55-59",83,63525
"67000020","1995-1999","60-64",51,35913
"67000020","1995-1999","65-69",49,27904
"67000020","1995-1999","70-74",81,37813
"67000020","1995-1999","75-79",96,40781
"67000020","1995-1999","80-84",66,24068
"67000020","2000-2004","40-44",5,5958
"67000020","2000-2004","45-49",11,19137
"67000020","2000-2004","50-54",95,93019
"67000020","2000-2004","55-59",86,59669
"67000020","2000-2004","60-64",22,12917
"67000020","2000-2004","65-69",69,32947
"67000020","2000-2004","70-74",22,6878
"67000020","2000-2004","75-79",81,31692
"67000020","2000-2004","80-84",155,56523
"67000020","2005-2009","40-44",21,53939
"67000020","2005-2009","45-49",21,38190
"67000020","2005-2009","50-54",15,19685
"67000020","2005-2009","55-59",22,15678
"67000020","2005-2009","60-64",71,42684
"67000020","2005-2009","65-69",135,66819
"67000020","2005-2009","70-74",94,27393
"67000020","2005-2009","75-79",76,26886
"67000020","2005-2009","80-84",225,72170
"67000020","2010-2014","40-44",28,82787
"67000020","2010-2014","45-49",29,56034
"67000020","2010-2014","50-54",24,29004
"67000020","2010-2014","55-59",41,47274
"67000020","2010-2014","60-64",78,46806
"67000020","2010-2014","65-69",86,34921
"67000020","2010-2014","70-74",92,29690
"67000020","2010-2014","75-79",154,43873
"67000020","2010-2014","80-84",137,32595
"67000020","2015-2019","40-44",33,140112
"67000020","2015-2019","45-49",30,95776
"67000020","2015-2019","50-54",38,58194
"67000020","2015-2019","55-59",15,15192
"67000020","2015-2019","60-64",98,64278
"67000020","2015-2019","65-69",158,62729
"67000020","2015-2019","70-74",219,65068
"67000020","2015-2019","75-79",1016,237867
"67000020","2015-2019","80-84",1378,278737
"67000030","1995-1999","40-44",11,18082
"67000030","1995-1999","45-49",22,46294
"67000030","1995-1999","50-54",101,96449
"67000030","1995-1999","55-59",81,78076
"67000030","1995-1999","60-64",125,72872
"67000030","1995-1999","65-69",54,33451
"67000030","1995-1999","70-74",56,23424
"67000030","1995-1999","75-79",57,22125
"67000030","1995-1999","80-84",273,82160
"67000030","2000-2004","40-44",32,80668
"67000030","2000-2004","45-49",13,37808
"67000030","2000-2004","50-54",9,6055
"67000030","2000-2004","55-59",91,77385
"67000030","2000-2004","60-64",103,67478
"67000030","2000-2004","65-69",213,116621
"67000030","2000-2004","70-74",389,156881
"67000030","2000-2004","75-79",46,20096
"67000030","2000-2004","80-84",283,87669
"67000030","2005-2009","40-44",46,150120
"67000030","2005-2009","45-49",75,119273
"67000030","2005-2009","50-54",62,96799
"67000030","2005-2009","55-59",24,27169
"67000030","2005-2009","60-64",34,23167
"67000030","2005-2009","65-69",148,65132
"67000030","2005-2009","70-74",34,13720
"67000030","2005-2009","75-79",105,34595
"67000030","2005-2009","80-84",100,27399
"67000030","2010-2014","40-44",11,37153
"67000030","2010-2014","45-49",51,111453
"67000030","2010-2014","50-54",39,43217
"67000030","2010-2014","55-59",115,123782
"67000030","2010-2014","60-64",37,22642
"67000030","2010-2014","65-69",55,25542
"67000030","2010-2014","70-74",27,9306
"67000030","2010-2014","75-79",746,230787
"67000030","2010-2014","80-84",25,6535
"67000030","2015-2019","40-44",2,5481
"67000030","2015-2019","45-49",10,14792
"67000030","2015-2019","50-54",18,23734
"67000030","2015-2019","55-59",97,124491
"67000030","2015-2019","60-64",106,65399
"67000030","2015-2019","65-69",28,16858
"67000030","2015-2019","70-74",81,33434
"67000030","2015-2019","75-79",29,8329
"67000030","2015-2019","80-84",81,19319
"67000040","1995-1999","40-44",45,99592
"67000040","1995-1999","45-49",0,9111
"67000040","1995-1999","50-54",19,18327
"67000040","1995-1999","55-59",23,15929
"67000040","1995-1999","60-64",40,26976
"67000040","1995-1999","65-69",11,7617
"67000040","1995-1999","70-74",193,90150
"67000040","1995-1999","75-79",113,40937
"67000040","1995-1999","80-84",120,41547
"67000040","2000-2004","40-44",2,11521
"67000040","2000-2004","45-49",31,43272
"67000040","2000-2004","50-54",138,145485
"67000040","2000-2004","55-59",7,7759
"67000040","2000-2004","60-64",284,146192
"67000040","2000-2004","65-69",14,10629
"67000040","2000-2004","70-74",155,59138
"67000040","2000-2004","75-79",135,49019
"67000040","2000-2004","80-84",294,90819
"67000040","2005-2009","40-44",12,30319
"67000040","2005-2009","45-49",44,71289
"67000040","2005-2009","50-54",18,21180
"67000040","2005-2009","55-59",25,16735
"67000040","2005-2009","60-64",229,112798
"67000040","2005-2009","65-69",48,17943
"67000040","2005-2009","70-74",102,35186
"67000040","2005-2009","75-79",235,61260
"67000040","2005-2009","80-84",74,22235
"67000040","2010-2014","40-44",15,46384
"67000040","2010-2014","45-49",8,21376
"67000040","2010-2014","50-54",32,29549
"67000040","2010-2014","55-59",88,66914
"67000040","2010-2014","60-64",73,36496
"67000040","2010-2014","65-69",33,14311
"67000040","2010-2014","70-74",178,49166
"67000040","2010-2014","75-79",74,19009
"67000040","2010-2014","80-84",128,31338
"67000040","2015-2019","40-44",16,43657
"67000040","2015-2019","45-49",21,34748
"67000040","2015-2019","50-54",31,50029
"67000040","2015-2019","55-59",120,103545
"67000040","2015-2019","60-64",229,133474
"67000040","2015-2019","65-69",110,38573
"67000040","2015-2019","70-74",131,33307
"67000040","2015-2019","75-79",64,18166
"67000040","2015-2019","80-84",179,32270
"67000050","1995-1999","40-44",44,95372
"67000050","1995-1999","45-49",41,52335
"67000050","1995-1999","50-54",17,19339
"67000050","1995-1999","55-59",48,29837
"67000050","1995-1999","60-64",178,116410
"67000050","1995-1999","65-69",64,35097
"67000050","1995-1999","70-74",47,25416
"67000050","1995-1999","75-79",94,42323
"67000050","1995-1999","80-84",53,23155
"67000050","2000-2004","40-44",29,55750
"67000050","2000-2004","45-49",15,28253
"67000050","2000-2004","50-54",23,21652
"67000050","2000-2004","55-59",67,42155
"67000050","2000-2004","60-64",35,22827
"67000050","2000-2004","65-69",148,74313
"67000050","2000-2004","70-74",61,27073
"67000050","2000-2004","75-79",212,70718
"67000050","2000-2004","80-84",31,8755
"67000050","2005-2009","40-44",55,141802
"67000050","2005-2009","45-49",10,22212
"67000050","2005-2009","50-54",25,28624
"67000050","2005-2009","55-59",41,23950
"67000050","2005-2009","60-64",60,28373
"67000050","2005-2009","65-69",239,95445
"67000050","2005-2009","70-74",90,31181
"67000050","2005-2009","75-79",140,43089
"67000050","2005-2009","80-84",116,38379
"67000050","2010-2014","40-44",9,24908
"67000050","2010-2014","45-49",4,11835
"67000050","2010-2014","50-54",18,37143
"67000050","2010-2014","55-59",45,45589
"67000050","2010-2014","60-64",40,31944
"67000050","2010-2014","65-69",64,30434
"67000050","2010-2014","70-74",49,18171
"67000050","2010-2014","75-79",196,57106
"67000050","2010-2014","80-84",183,49194
"67000050","2015-2019","40-44",0,6105
"67000050","2015-2019","45-49",16,52378
"67000050","2015-2019","50-54",13,17237
"67000050","2015-2019","55-59",14,19973
"67000050","2015-2019","60-64",5,4858
"67000050","2015-2019","65-69",191,86227
"67000050","2015-2019","70-74",108,30734
"67000050","2015-2019","75-79",473,123655
"67000050","2015-2019","80-84",398,84361
"67000060","1995-1999","40-44",5,8579
"67000060","1995-1999","45-49",15,28108
"67000060","1995-1999","50-54",17,13249
"67000060","1995-1999","55-59",53,47052
"67000060","1995-1999","60-64",20,11647
"67000060","1995-1999","65-69",66,45290
"67000060","1995-1999","70-74",30,15723
"67000060","1995-1999","75-79",42,15643
"67000060","1995-1999","80-84",37,16172
"67000060","2000-2004","40-44",7,26293
"67000060","2000-2004","45-49",17,19787
"67000060","2000-2004","50-54",35,31914
"67000060","2000-2004","55-59",39,26311
"67000060","2000-2004","60-64",43,29744
"67000060","2000-2004","65-69",36,15671
"67000060","2000-2004","70-74",187,80497
"67000060","2000-2004","75-79",177,57239
"67000060","2000-2004","80-84",233,73432
"67000060","2005-2009","40-44",7,25477
"67000060","2005-2009","45-49",17,22361
"67000060","2005-2009","50-54",123,127911
"67000060","2005-2009","55-59",61,43694
"67000060","2005-2009","60-64",112,61400
"67000060","2005-2009","65-69",62,29470
"67000060","2005-2009","70-74",127,49368
"67000060","2005-2009","75-79",146,46494
"67000060","2005-2009","80-84",48,13263
"67000060","2010-2014","40-44",6,19397
"67000060","2010-2014","45-49",17,27498
"67000060","2010-2014","50-54",8,17939
"67000060","2010-2014","55-59",39,41399
"67000060","2010-2014","60-64",133,62133
"67000060","2010-2014","65-69",61,27525
"67000060","2010-2014","70-74",258,77969
"67000060","2010-2014","75-79",154,46443
"67000060","2010-2014","80-84",36,8431
"67000060","2015-2019","40-44",11,47040
"67000060","2015-2019","45-49",11,34387
"67000060","2015-2019","50-54",16,36191
"67000060","2015-2019","55-59",130,138665
"67000060","2015-2019","60-64",37,24677
"67000060","2015-2019","65-69",84,37351
"67000060","2015-2019","70-74",205,64883
"67000060","2015-2019","75-79",435,100096
"67000060","2015-2019","80-84",167,35414
"67000070","1995-1999","40-44",61,101833
"67000070","1995-1999","45-49",19,26958
"67000070","1995-1999","50-54",154,146260
"67000070","1995-1999","55-59",68,48716
"67000070","1995-1999","60-64",50,31156
"67000070","1995-1999","65-69",138,74246
"67000070","1995-1999","70-74",61,32248
"67000070","1995-1999","75-79",29,17767
"67000070","1995-1999","80-84",96,30940
"67000070","2000-2004","40-44",52,119714
"67000070","2000-2004","45-49",128,198942
"67000070","2000-2004","50-54",24,25151
"67000070","2000-2004","55-59",349,214327
"67000070","2000-2004","60-64",44,24353
"67000070","2000-2004","65-69",108,52339
"67000070","2000-2004","70-74",98,37484
"67000070","2000-2004","75-79",198,70709
"67000070","2000-2004","80-84",969,299454
"67000070","2005-2009","40-44",23,83812
"67000070","2005-2009","45-49",100,171694
"67000070","2005-2009","50-54",37,33660
"67000070","2005-2009","55-59",35,23887
"67000070","2005-2009","60-64",34,14544
"67000070","2005-2009","65-69",62,21150
"67000070","2005-2009","70-74",10,3666
"67000070","2005-2009","75-79",47,18988
"67000070","2005-2009","80-84",146,35402
"67000070","2010-2014","40-44",17,57406
"67000070","2010-2014","45-49",55,105294
"67000070","2010-2014","50-54",158,198208
"67000070","2010-2014","55-59",248,203570
"67000070","2010-2014","60-64",51,31100
"67000070","2010-2014","65-69",48,18643
"67000070","2010-2014","70-74",77,20734
"67000070","2010-2014","75-79",142,35949
"67000070","2010-2014","80-84",48,13226
"67000070","2015-2019","40-44",33,111727
"67000070","2015-2019","45-49",33,63407
"67000070","2015-2019","50-54",18,20990
"67000070","2015-2019","55-59",46,37059
"67000070","2015-2019","60-64",83,46203
"67000070","2015-2019","65-69",131,53189
"67000070","2015-2019","70-74",99,24481
"67000070","2015-2019","75-79",45,9834
"67000070","2015-2019","80-84",102,20197
"67000080","1995-1999","40-44",49,98997
"67000080","1995-1999","45-49",91,119520
"67000080","1995-1999","50-54",127,105767
"67000080","1995-1999","55-59",86,48389
"67000080","1995-1999","60-64",14,7510
"67000080","1995-1999","65-69",318,166856
"67000080","1995-1999","70-74",231,103521
"67000080","1995-1999","75-79",33,12546
"67000080","1995-1999","80-84",45,15238
"67000080","2000-2004","40-44",20,43241
"67000080","2000-2004","45-49",18,23418
"67000080","2000-2004","50-54",24,24950
"67000080","2000-2004","55-59",31,18590
"67000080","2000-2004","60-64",82,37596
"67000080","2000-2004","65-69",76,37523
"67000080","2000-2004","70-74",406,162068
"67000080","2000-2004","75-79",64,29794
"67000080","2000-2004","80-84",68,21471
"67000080","2005-2009","40-44",43,101937
"67000080","2005-2009","45-49",16,12542
"67000080","2005-2009","50-54",8,8861
"67000080","2005-2009","55-59",64,44365
"67000080","2005-2009","60-64",92,48294
"67000080","2005-2009","65-69",88,35345
"67000080","2005-2009","70-74",147,50140
"67000080","2005-2009","75-79",121,30246
"67000080","2005-2009","80-84",52,17508
"67000080","2010-2014","40-44",19,60210
"67000080","2010-2014","45-49",41,74072
"67000080","2010-2014","50-54",198,225038
"67000080","2010-2014","55-59",51,39257
"67000080","2010-2014","60-64",131,64557
"67000080","2010-2014","65-69",134,52704
"67000080","2010-2014","70-74",126,33682
"67000080","2010-2014","75-79",115,23971
"67000080","2010-2014","80-84",133,34316
"67000080","2015-2019","40-44",33,101706
"67000080","2015-2019","45-49",7,19386
"67000080","2015-2019","50-54",39,47800
"67000080","2015-2019","55-59",36,31110
"67000080","2015-2019","60-64",35,22021
"67000080","2015-2019","65-69",49,21567
"67000080","2015-2019","70-74",133,33619
"67000080","2015-2019","75-79",397,85655
"67000080","2015-2019","80-84",231,49085
"67000090","1995-1999","40-44",31,47254
"67000090","1995-1999","45-49",70,92998
"67000090","1995-1999","50-54",36,32496
"67000090","1995-1999","55-59",122,79805
"67000090","1995-1999","60-64",152,82773
"67000090","1995-1999","65-69",18,12810
"67000090","1995-1999","70-74",363,164194
"67000090","1995-1999","75-79",96,32790
"67000090","1995-1999","80-84",57,20444
"67000090","2000-2004","40-44",15,36967
"67000090","2000-2004","45-49",38,50460
"67000090","2000-2004","50-54",24,19624
"67000090","2000-2004","55-59",83,54259
"67000090","2000-2004","60-64",107,49712
"67000090","2000-2004","65-69",120,53215
"67000090","2000-2004","70-74",79,29269
"67000090","2000-2004","75-79",38,11871
"67000090","2000-2004","80-84",557,168973
"67000090","2005-2009","40-44",11,30988
"67000090","2005-2009","45-49",14,27117
"67000090","2005-2009","50-54",118,119845
"67000090","2005-2009","55-59",29,21126
"67000090","2005-2009","60-64",14,8731
"67000090","2005-2009","65-69",224,77801
"67000090","2005-2009","70-74",157,59297
"67000090","2005-2009","75-79",272,72956
"67000090","2005-2009","80-84",55,19902
"67000090","2010-2014","40-44",7,23910
"67000090","2010-2014","45-49",36,85142
"67000090","2010-2014","50-54",37,51595
"67000090","2010-2014","55-59",93,72096
"67000090","2010-2014","60-64",99,53366
"67000090","2010-2014","65-69",32,10470
"67000090","2010-2014","70-74",279,76357
"67000090","2010-2014","75-79",53,8765
"67000090","2010-2014","80-84",75,17381
"67000090","2015-2019","40-44",16,57715
"67000090","2015-2019","45-49",14,52807
"67000090","2015-2019","50-54",14,9866
"67000090","2015-2019","55-59",175,164093
"67000090","2015-2019","60-64",145,84341
"67000090","2015-2019","65-69",31,9828
"67000090","2015-2019","70-74",108,26194
"67000090","2015-2019","75-79",169,38063
"67000090","2015-2019","80-84",332,58286
"67000100","1995-1999","40-44",91,149468
"67000100","1995-1999","45-49",32,34313
"67000100","1995-1999","50-54",77,51308
"67000100","1995-1999","55-59",76,52165
"67000100","1995-1999","60-64",88,57311
"67000100","1995-1999","65-69",21,16617
"67000100","1995-1999","70-74",14,10147
"67000100","1995-1999","75-79",22,9857
"67000100","1995-1999","80-84",77,28374
"67000100","2000-2004","40-44",11,38593
"67000100","2000-2004","45-49",65,75470
"67000100","2000-2004","50-54",46,33663
"67000100","2000-2004","55-59",48,30052
"67000100","2000-2004","60-64",149,69014
"67000100","2000-2004","65-69",49,23345
"67000100","2000-2004","70-74",135,49150
"67000100","2000-2004","75-79",202,73208
"67000100","2000-2004","80-84",89,24495
"67000100","2005-2009","40-44",14,24493
"67000100","2005-2009","45-49",25,36558
"67000100","2005-2009","50-54",152,135998
"67000100","2005-2009","55-59",7,3928
"67000100","2005-2009","60-64",95,46218
"67000100","2005-2009","65-69",57,19627
"67000100","2005-2009","70-74",52,15995
"67000100","2005-2009","75-79",30,6038
"67000100","2005-2009","80-84",395,108567
"67000100","2010-2014","40-44",30,74833
"67000100","2010-2014","45-49",50,80138
"67000100","2010-2014","50-54",19,27172
"67000100","2010-2014","55-59",24,20656
"67000100","2010-2014","60-64",128,55547
"67000100","2010-2014","65-69",232,77086
"67000100","2010-2014","70-74",63,12480
"67000100","2010-2014","75-79",122,28474
"67000100","2010-2014","80-84",37,8521
"67000100","2015-2019","40-44",15,34437
"67000100","2015-2019","45-49",7,16481
"67000100","2015-2019","50-54",43,61229
"67000100","2015-2019","55-59",57,45095
"67000100","2015-2019","60-64",29,11455
"67000100","2015-2019","65-69",66,23215
"67000100","2015-2019","70-74",218,53750
"67000100","2015-2019","75-79",201,39002
"67000100","2015-2019","80-84",40,10311
"67000110","1995-1999","40-44",26,48778
"67000110","1995-1999","45-49",18,23943
"67000110","1995-1999","50-54",34,35697
"67000110","1995-1999","55-59",62,46327
"67000110","1995-1999","60-64",108,67907
"67000110","1995-1999","65-69",65,35644
"67000110","1995-1999","70-74",127,61478
"67000110","1995-1999","75-79",8,5620
"67000110","1995-1999","80-84",66,26071
"67000110","2000-2004","40-44",14,48424
"67000110","2000-2004","45-49",21,40635
"67000110","2000-2004","50-54",22,24937
"67000110","2000-2004","55-59",93,54955
"67000110","2000-2004","60-64",106,51689
"67000110","2000-2004","65-69",100,50079
"67000110","2000-2004","70-74",143,63478
"67000110","2000-2004","75-79",217,78766
"67000110","2000-2004","80-84",824,256498
"67000110","2005-2009","40-44",8,16299
"67000110","2005-2009","45-49",28,38017
"67000110","2005-2009","50-54",54,66338
"67000110","2005-2009","55-59",35,19862
"67000110","2005-2009","60-64",108,47279
"67000110","2005-2009","65-69",200,76395
"67000110","2005-2009","70-74",138,48412
"67000110","2005-2009","75-79",101,31096
"67000110","2005-2009","80-84",38,10084
"67000110","2010-2014","40-44",22,76136
"67000110","2010-2014","45-49",42,88517
"67000110","2010-2014","50-54",26,32570
"67000110","2010-2014","55-59",98,86379
"67000110","2010-2014","60-64",146,71176
"67000110","2010-2014","65-69",158,62337
"67000110","2010-2014","70-74",123,39534
"67000110","2010-2014","75-79",133,26998
"67000110","2010-2014","80-84",51,12668
"67000110","2015-2019","40-44",8,43717
"67000110","2015-2019","45-49",9,17825
"67000110","2015-2019","50-54",28,54035
"67000110","2015-2019","55-59",38,32588
"67000110","2015-2019","60-64",48,27554
"67000110","2015-2019","65-69",72,28356
"67000110","2015-2019","70-74",79,21983
"67000110","2015-2019","75-79",170,37734
"67000110","2015-2019","80-84",271,52537
"67000120","1995-1999","40-44",16,48407
"67000120","1995-1999","45-49",3,5681
"67000120","1995-1999","50-54",12,10180
"67000120","1995-1999","55-59",35,22320
"67000120","1995-1999","60-64",48,27941
"67000120","1995-1999","65-69",61,39686
"67000120","1995-1999","70-74",120,59195
"67000120","1995-1999","75-79",125,53445
"67000120","1995-1999","80-84",187,59377
"67000120","2000-2004","40-44",2,18294
"67000120","2000-2004","45-49",2,4656
"67000120","2000-2004","50-54",18,19058
"67000120","2000-2004","55-59",37,34636
"67000120","2000-2004","60-64",73,37949
"67000120","2000-2004","65-69",23,10982
"67000120","2000-2004","70-74",50,23852
"67000120","2000-2004","75-79",17,5592
"67000120","2000-2004","80-84",200,72865
"67000120","2005-2009","40-44",15,51361
"67000120","2005-2009","45-49",1,4175
"67000120","2005-2009","50-54",14,19353
"67000120","2005-2009","55-59",40,35124
"67000120","2005-2009","60-64",86,51872
"67000120","2005-2009","65-69",54,25406
"67000120","2005-2009","70-74",103,35359
"67000120","2005-2009","75-79",147,49559
"67000120","2005-2009","80-84",659,186871
"67000120","2010-2014","40-44",46,170162
"67000120","2010-2014","45-49",24,38311
"67000120","2010-2014","50-54",24,34000
"67000120","2010-2014","55-59",20,13808
"67000120","2010-2014","60-64",12,10250
"67000120","2010-2014","65-69",154,61079
"67000120","2010-2014","70-74",760,247172
"67000120","2010-2014","75-79",150,38981
"67000120","2010-2014","80-84",237,55816
"67000120","2015-2019","40-44",24,78125
"67000120","2015-2019","45-49",26,57350
"67000120","2015-2019","50-54",16,30171
"67000120","2015-2019","55-59",33,38793
"67000120","2015-2019","60-64",30,17918
"67000120","2015-2019","65-69",18,9186
"67000120","2015-2019","70-74",49,16395
"67000120","2015-2019","75-79",126,31467
"67000120","2015-2019","80-84",70,14410
"67000130","1995-1999","40-44",31,53815
"67000130","1995-1999","45-49",15,22889
"67000130","1995-1999","50-54",54,66669
"67000130","1995-1999","55-59",60,47411
"67000130","1995-1999","60-64",87,53646
"67000130","1995-1999","65-69",71,45584
"67000130","1995-1999","70-74",59,24671
"67000130","1995-1999","75-79",83,36056
"67000130","1995-1999","80-84",33,12442
"67000130","2000-2004","40-44",18,56287
"67000130","2000-2004","45-49",46,64853
"67000130","2000-2004","50-54",31,23580
"67000130","2000-2004","55-59",195,141767
"67000130","2000-2004","60-64",145,87955
"67000130","2000-2004","65-69",74,39776
"67000130","2000-2004","70-74",109,47700
"67000130","2000-2004","75-79",70,25669
"67000130","2000-2004","80-84",396,117368
"67000130","2005-2009","40-44",29,83669
"67000130","2005-2009","45-49",26,40756
"67000130","2005-2009","50-54",34,46753
"67000130","2005-2009","55-59",128,95727
"67000130","2005-2009","60-64",7,4760
"67000130","2005-2009","65-69",30,12908
"67000130","2005-2009","70-74",162,60338
"67000130","2005-2009","75-79",70,20257
"67000130","2005-2009","80-84",471,126032
"67000130","2010-2014","40-44",13,47764
"67000130","2010-2014","45-49",10,25173
"67000130","2010-2014","50-54",10,28436
"67000130","2010-2014","55-59",46,35804
"67000130","2010-2014","60-64",143,88098
"67000130","2010-2014","65-69",32,14223
"67000130","2010-2014","70-74",169,52870
"67000130","2010-2014","75-79",97,32072
"67000130","2010-2014","80-84",204,48115
"67000130","2015-2019","40-44",28,86913
"67000130","2015-2019","45-49",19,42147
"67000130","2015-2019","50-54",17,32096
"67000130","2015-2019","55-59",41,41353
"67000130","2015-2019","60-64",55,30967
"67000130","2015-2019","65-69",14,9161
"67000130","2015-2019","70-74",107,31512
"67000130","2015-2019","75-79",763,199248
"67000130","2015-2019","80-84",208,44637
"67000140","1995-1999","40-44",0,8453
"67000140","1995-1999","45-49",11,14366
"67000140","1995-1999","50-54",29,28016
"67000140","1995-1999","55-59",194,139548
"67000140","1995-1999","60-64",28,18653
"67000140","1995-1999","65-69",81,53082
"67000140","1995-1999","70-74",48,30657
"67000140","1995-1999","75-79",81,26682
"67000140","1995-1999","80-84",360,144482
"67000140","2000-2004","40-44",47,101579
"67000140","2000-2004","45-49",96,136317
"67000140","2000-2004","50-54",9,7600
"67000140","2000-2004","55-59",21,18259
"67000140","2000-2004","60-64",44,24917
"67000140","2000-2004","65-69",103,50047
"67000140","2000-2004","70-74",123,55061
"67000140","2000-2004","75-79",18,8336
"67000140","2000-2004","80-84",1072,347924
"67000140","2005-2009","40-44",3,13015
"67000140","2005-2009","45-49",21,38876
"67000140","2005-2009","50-54",18,28296
"67000140","2005-2009","55-59",28,25825
"67000140","2005-2009","60-64",40,25058
"67000140","2005-2009","65-69",309,150697
"67000140","2005-2009","70-74",46,19030
"67000140","2005-2009","75-79",55,18856
"67000140","2005-2009","80-84",237,62334
"67000140","2010-2014","40-44",15,31022
"67000140","2010-2014","45-49",9,17255
"67000140","2010-2014","50-54",11,13206
"67000140","2010-2014","55-59",29,23493
"67000140","2010-2014","60-64",46,28923
"67000140","2010-2014","65-69",176,80276
"67000140","2010-2014","70-74",231,78546
"67000140","2010-2014","75-79",307,81416
"67000140","2010-2014","80-84",226,55101
"67000140","2015-2019","40-44",7,15012
"67000140","2015-2019","45-49",16,28989
"67000140","2015-2019","50-54",17,20553
"67000140","2015-2019","55-59",9,8160
"67000140","2015-2019","60-64",24,14502
"67000140","2015-2019","65-69",33,17127
"67000140","2015-2019","70-74",172,55644
"67000140","2015-2019","75-79",126,32318
"67000140","2015-2019","80-84",80,17116
"67000150","1995-1999","40-44",22,55338
"67000150","1995-1999","45-49",30,72544
"67000150","1995-1999","50-54",6,6661
"67000150","1995-1999","55-59",8,7117
"67000150","1995-1999","60-64",36,26154
"67000150","1995-1999","65-69",15,13411
"67000150","1995-1999","70-74",65,37458
"67000150","1995-1999","75-79",53,22410
"67000150","1995-1999","80-84",42,14915
"67000150","2000-2004","40-44",24,50905
"67000150","2000-2004","45-49",27,54453
"67000150","2000-2004","50-54",65,85002
"67000150","2000-2004","55-59",60,46780
"67000150","2000-2004","60-64",55,40619
"67000150","2000-2004","65-69",409,245644
"67000150","2000-2004","70-74",7,3654
"67000150","2000-2004","75-79",246,102450
"67000150","2000-2004","80-84",22,5876
"67000150","2005-2009","40-44",18,53432
"67000150","2005-2009","45-49",12,24713
"67000150","2005-2009","50-54",30,52612
"67000150","2005-2009","55-59",81,69615
"67000150","2005-2009","60-64",34,29906
"67000150","2005-2009","65-69",14,9500
"67000150","2005-2009","70-74",73,32486
"67000150","2005-2009","75-79",134,45822
"67000150","2005-2009","80-84",128,41756
"67000150","2010-2014","40-44",164,534961
"67000150","2010-2014","45-49",7,8078
"67000150","2010-2014","50-54",6,6730
"67000150","2010-2014","55-59",9,11867
"67000150","2010-2014","60-64",31,19018
"67000150","2010-2014","65-69",128,68773
"67000150","2010-2014","70-74",158,70334
"67000150","2010-2014","75-79",74,24906
"67000150","2010-2014","80-84",267,79931
"67000150","2015-2019","40-44",5,26417
"67000150","2015-2019","45-49",13,39826
"67000150","2015-2019","50-54",34,64561
"67000150","2015-2019","55-59",50,61277
"67000150","2015-2019","60-64",34,35729
"67000150","2015-2019","65-69",7,6842
"67000150","2015-2019","70-74",111,48282
"67000150","2015-2019","75-79",67,21663
"67000150","2015-2019","80-84",18,6496
"67000160","1995-1999","40-44",44,93808
"67000160","1995-1999","45-49",47,70486
"67000160","1995-1999","50-54",7,16253
"67000160","1995-1999","55-59",34,30233
"67000160","1995-1999","60-64",69,39260
"67000160","1995-1999","65-69",54,37612
"67000160","1995-1999","70-74",54,34254
"67000160","1995-1999","75-79",13,5682
"67000160","1995-1999","80-84",108,38175
"67000160","2000-2004","40-44",15,35892
"67000160","2000-2004","45-49",32,74468
"67000160","2000-2004","50-54",62,78182
"67000160","2000-2004","55-59",194,176897
"67000160","2000-2004","60-64",9,5559
"67000160","2000-2004","65-69",98,49005
"67000160","2000-2004","70-74",56,32201
"67000160","2000-2004","75-79",85,38803
"67000160","2000-2004","80-84",199,65281
"67000160","2005-2009","40-44",8,30739
"67000160","2005-2009","45-49",114,187901
"67000160","2005-2009","50-54",31,40267
"67000160","2005-2009","55-59",26,23142
"67000160","2005-2009","60-64",72,45935
"67000160","2005-2009","65-69",71,39649
"67000160","2005-2009","70-74",79,34988
"67000160","2005-2009","75-79",71,28280
"67000160","2005-2009","80-84",288,89999
"67000160","2010-2014","40-44",15,51216
"67000160","2010-2014","45-49",10,21776
"67000160","2010-2014","50-54",41,42945
"67000160","2010-2014","55-59",43,29581
"67000160","2010-2014","60-64",24,15900
"67000160","2010-2014","65-69",106,60951
"67000160","2010-2014","70-74",176,73297
"67000160","2010-2014","75-79",120,37321
"67000160","2010-2014","80-84",358,104234
"67000160","2015-2019","40-44",4,14539
"67000160","2015-2019","45-49",4,16319
"67000160","2015-2019","50-54",14,18424
"67000160","2015-2019","55-59",27,30813
"67000160","2015-2019","60-64",121,83987
"67000160","2015-2019","65-69",35,20820
"67000160","2015-2019","70-74",161,59547
"67000160","2015-2019","75-79",182,53346
"67000160","2015-2019","80-84",105,25315
"67000170","1995-1999","40-44",40,58390
"67000170","1995-1999","45-49",10,14760
"67000170","1995-1999","50-54",49,66564
"67000170","1995-1999","55-59",37,28748
"67000170","1995-1999","60-64",51,34681
"67000170","1995-1999","65-69",33,19196
"67000170","1995-1999","70-74",103,61491
"67000170","1995-1999","75-79",82,33767
"67000170","1995-1999","80-84",121,43440
"67000170","2000-2004","40-44",5,13910
"67000170","2000-2004","45-49",0,7960
"67000170","2000-2004","50-54",23,39270
"67000170","2000-2004","55-59",47,43537
"67000170","2000-2004","60-64",112,78530
"67000170","2000-2004","65-69",28,16531
"67000170","2000-2004","70-74",180,87282
"67000170","2000-2004","75-79",89,36733
"67000170","2000-2004","80-84",223,71748
"67000170","2005-2009","40-44",13,38815
"67000170","2005-2009","45-49",10,20811
"67000170","2005-2009","50-54",47,48230
"67000170","2005-2009","55-59",18,16068
"67000170","2005-2009","60-64",46,36294
"67000170","2005-2009","65-69",25,13784
"67000170","2005-2009","70-74",249,117117
"67000170","2005-2009","75-79",79,28704
"67000170","2005-2009","80-84",947,273665
"67000170","2010-2014","40-44",6,33303
"67000170","2010-2014","45-49",8,37172
"67000170","2010-2014","50-54",23,38899
"67000170","2010-2014","55-59",34,32151
"67000170","2010-2014","60-64",42,23142
"67000170","2010-2014","65-69",150,72013
"67000170","2010-2014","70-74",80,33925
"67000170","2010-2014","75-79",171,56024
"67000170","2010-2014","80-84",482,131239
"67000170","2015-2019","40-44",3,34107
"67000170","2015-2019","45-49",2,6691
"67000170","2015-2019","50-54",104,171012
"67000170","2015-2019","55-59",79,95933
"67000170","2015-2019","60-64",85,61347
"67000170","2015-2019","65-69",17,9065
"67000170","2015-2019","70-74",51,17132
"67000170","2015-2019","75-79",112,32688
"67000170","2015-2019","80-84",110,24725
"67000180","1995-1999","40-44",7,21278
"67000180","1995-1999","45-49",3,3836
"67000180","1995-1999","50-54",46,63985
"67000180","1995-1999","55-59",78,72681
"67000180","1995-1999","60-64",44,31452
"67000180","1995-1999","65-69",83,52050
"67000180","1995-1999","70-74",96,48201
"67000180","1995-1999","75-79",120,51983
"67000180","1995-1999","80-84",34,12616
"67000180","2000-2004","40-44",8,20956
"67000180","2000-2004","45-49",4,9064
"67000180","2000-2004","50-54",13,20197
"67000180","2000-2004","55-59",19,13187
"67000180","2000-2004","60-64",34,25222
"67000180","2000-2004","65-69",85,44575
"67000180","2000-2004","70-74",22,9623
"67000180","2000-2004","75-79",23,10670
"67000180","2000-2004","80-84",126,40713
"67000180","2005-2009","40-44",8,22500
"67000180","2005-2009","45-49",44,77468
"67000180","2005-2009","50-54",17,15852
"67000180","2005-2009","55-59",30,22716
"67000180","2005-2009","60-64",35,27696
"67000180","2005-2009","65-69",61,24847
"67000180","2005-2009","70-74",360,142181
"67000180","2005-2009","75-79",69,23196
"67000180","2005-2009","80-84",138,35392
"67000180","2010-2014","40-44",8,47894
"67000180","2010-2014","45-49",70,118980
"67000180","2010-2014","50-54",62,79383
"67000180","2010-2014","55-59",7,7740
"67000180","2010-2014","60-64",44,31577
"67000180","2010-2014","65-69",116,51452
"67000180","2010-2014","70-74",52,18835
"67000180","2010-2014","75-79",90,24521
"67000180","2010-2014","80-84",214,53159
"67000180","2015-2019","40-44",2,6342
"67000180","2015-2019","45-49",25,97794
"67000180","2015-2019","50-54",28,28585
"67000180","2015-2019","55-59",47,60759
"67000180","2015-2019","60-64",88,65051
"67000180","2015-2019","65-69",234,105827
"67000180","2015-2019","70-74",380,127379
"67000180","2015-2019","75-79",93,25770
"67000180","2015-2019","80-84",159,37487
"67000190","1995-1999","40-44",6,13620
"67000190","1995-1999","45-49",12,16765
"67000190","1995-1999","50-54",38,38476
"67000190","1995-1999","55-59",41,27257
"67000190","1995-1999","60-64",293,169604
"67000190","1995-1999","65-69",23,11747
"67000190","1995-1999","70-74",55,26840
"67000190","1995-1999","75-79",575,211627
"67000190","1995-1999","80-84",111,38503
"67000190","2000-2004","40-44",9,20691
"67000190","2000-2004","45-49",30,51290
"67000190","2000-2004","50-54",42,41069
"67000190","2000-2004","55-59",36,19763
"67000190","2000-2004","60-64",21,11021
"67000190","2000-2004","65-69",97,43181
"67000190","2000-2004","70-74",46,21835
"67000190","2000-2004","75-79",130,42608
"67000190","2000-2004","80-84",67,30446
"67000190","2005-2009","40-44",12,39687
"67000190","2005-2009","45-49",90,150304
"67000190","2005-2009","50-54",16,19846
"67000190","2005-2009","55-59",119,77551
"67000190","2005-2009","60-64",195,98593
"67000190","2005-2009","65-69",163,64349
"67000190","2005-2009","70-74",54,16716
"67000190","2005-2009","75-79",35,9459
"67000190","2005-2009","80-84",315,77810
"67000190","2010-2014","40-44",8,34514
"67000190","2010-2014","45-49",15,29579
"67000190","2010-2014","50-54",80,88740
"67000190","2010-2014","55-59",26,18696
"67000190","2010-2014","60-64",35,22407
"67000190","2010-2014","65-69",125,47234
"67000190","2010-2014","70-74",81,21810
"67000190","2010-2014","75-79",146,33765
"67000190","2010-2014","80-84",259,58194
"67000190","2015-2019","40-44",52,226558
"67000190","2015-2019","45-49",14,27322
"67000190","2015-2019","50-54",15,17912
"67000190","2015-2019","55-59",12,19005
"67000190","2015-2019","60-64",148,81788
"67000190","2015-2019","65-69",59,27803
"67000190","2015-2019","70-74",111,31932
"67000190","2015-2019","75-79",739,162075
"67000190","2015-2019","80-84",331,56956
"67000200","1995-1999","40-44",23,34836
"67000200","1995-1999","45-49",28,37864
"67000200","1995-1999","50-54",42,41385
"67000200","1995-1999","55-59",81,50053
"67000200","1995-1999","60-64",17,13540
"67000200","1995-1999","65-69",45,29840
"67000200","1995-1999","70-74",112,59921
"67000200","1995-1999","75-79",75,27812
"67000200","1995-1999","80-84",230,73432
"67000200","2000-2004","40-44",8,40320
"67000200","2000-2004","45-49",10,19086
"67000200","2000-2004","50-54",21,26141
"67000200","2000-2004","55-59",69,50526
"67000200","2000-2004","60-64",186,97539
"67000200","2000-2004","65-69",77,36136
"67000200","2000-2004","70-74",420,174643
"67000200","2000-2004","75-79",100,33708
"67000200","2000-2004","80-84",228,69742
"67000200","2005-2009","40-44",11,29203
"67000200","2005-2009","45-49",34,61815
"67000200","2005-2009","50-54",11,17730
"67000200","2005-2009","55-59",66,50245
"67000200","2005-2009","60-64",121,57435
"67000200","2005-2009","65-69",65,29145
"67000200","2005-2009","70-74",56,24831
"67000200","2005-2009","75-79",170,53374
"67000200","2005-2009","80-84",574,157661
"67000200","2010-2014","40-44",15,41715
"67000200","2010-2014","45-49",21,22266
"67000200","2010-2014","50-54",32,46088
"67000200","2010-2014","55-59",29,23833
"67000200","2010-2014","60-64",25,18456
"67000200","2010-2014","65-69",80,30828
"67000200","2010-2014","70-74",323,103939
"67000200","2010-2014","75-79",191,53133
"67000200","2010-2014","80-84",108,27174
"67000200","2015-2019","40-44",8,16567
"67000200","2015-2019","45-49",0,3018
"67000200","2015-2019","50-54",16,27429
"67000200","2015-2019","55-59",48,54868
"67000200","2015-2019","60-64",58,35477
"67000200","2015-2019","65-69",261,100274
"67000200","2015-2019","70-74",104,38267
"67000200","2015-2019","75-79",20,4379
"67000200","2015-2019","80-84",235,44749
"67000210","1995-1999","40-44",11,13684
"67000210","1995-1999","45-49",7,9784
"67000210","1995-1999","50-54",14,17901
"67000210","1995-1999","55-59",47,39164
"67000210","1995-1999","60-64",47,32213
"67000210","1995-1999","65-69",28,12563
"67000210","1995-1999","70-74",107,46880
"67000210","1995-1999","75-79",195,73762
"67000210","1995-1999","80-84",46,15238
"67000210","2000-2004","40-44",13,29069
"67000210","2000-2004","45-49",34,57221
"67000210","2000-2004","50-54",99,104078
"67000210","2000-2004","55-59",61,64430
"67000210","2000-2004","60-64",124,81513
"67000210","2000-2004","65-69",123,58611
"67000210","2000-2004","70-74",26,11938
"67000210","2000-2004","75-79",182,72507
"67000210","2000-2004","80-84",35,11262
"67000210","2005-2009","40-44",41,123181
"67000210","2005-2009","45-49",54,90450
"67000210","2005-2009","50-54",14,23709
"67000210","2005-2009","55-59",11,7151
"67000210","2005-2009","60-64",85,46372
"67000210","2005-2009","65-69",40,22711
"67000210","2005-2009","70-74",54,20656
"67000210","2005-2009","75-79",155,45030
"67000210","2005-2009","80-84",330,85242
"67000210","2010-2014","40-44",20,57926
"67000210","2010-2014","45-49",7,22924
"67000210","2010-2014","50-54",11,18779
"67000210","2010-2014","55-59",136,110496
"67000210","2010-2014","60-64",22,12698
"67000210","2010-2014","65-69",46,19295
"67000210","2010-2014","70-74",153,51587
"67000210","2010-2014","75-79",122,33976
"67000210","2010-2014","80-84",92,20995
"67000210","2015-2019","40-44",0,2554
"67000210","2015-2019","45-49",21,69182
"67000210","2015-2019","50-54",15,26311
"67000210","2015-2019","55-59",161,161432
"67000210","2015-2019","60-64",26,20763
"67000210","2015-2019","65-69",64,24755
"67000210","2015-2019","70-74",78,23831
"67000210","2015-2019","75-79",110,29412
"67000210","2015-2019","80-84",110,23122
"67000220","1995-1999","40-44",6,25111
"67000220","1995-1999","45-49",19,31389
"67000220","1995-1999","50-54",20,22146
"67000220","1995-1999","55-59",90,64882
"67000220","1995-1999","60-64",116,69364
"67000220","1995-1999","65-69",45,26127
"67000220","1995-1999","70-74",63,32343
"67000220","1995-1999","75-79",94,36733
"67000220","1995-1999","80-84",95,30216
"67000220","2000-2004","40-44",1,4381
"67000220","2000-2004","45-49",45,52466
"67000220","2000-2004","50-54",73,69797
"67000220","2000-2004","55-59",302,220005
"67000220","2000-2004","60-64",52,31804
"67000220","2000-2004","65-69",16,7839
"67000220","2000-2004","70-74",60,27921
"67000220","2000-2004","75-79",36,15039
"67000220","2000-2004","80-84",28,9006
"67000220","2005-2009","40-44",0,9932
"67000220","2005-2009","45-49",82,125211
"67000220","2005-2009","50-54",44,51768
"67000220","2005-2009","55-59",78,62829
"67000220","2005-2009","60-64",37,21750
"67000220","2005-2009","65-69",62,28427
"67000220","2005-2009","70-74",78,25984
"67000220","2005-2009","75-79",100,32669
"67000220","2005-2009","80-84",178,48726
"67000220","2010-2014","40-44",3,13218
"67000220","2010-2014","45-49",22,47680
"67000220","2010-2014","50-54",90,122393
"67000220","2010-2014","55-59",13,11516
"67000220","2010-2014","60-64",64,29862
"67000220","2010-2014","65-69",66,28662
"67000220","2010-2014","70-74",154,44370
"67000220","2010-2014","75-79",50,14276
"67000220","2010-2014","80-84",168,41638
"67000220","2015-2019","40-44",0,4598
"67000220","2015-2019","45-49",20,40978
"67000220","2015-2019","50-54",6,7716
"67000220","2015-2019","55-59",59,48720
"67000220","2015-2019","60-64",107,61901
"67000220","2015-2019","65-69",24,6039
"67000220","2015-2019","70-74",33,8328
"67000220","2015-2019","75-79",749,175316
"67000220","2015-2019","80-84",132,25467
"67000230","1995-1999","40-44",12,18490
"67000230","1995-1999","45-49",29,50840
"67000230","1995-1999","50-54",12,13687
"67000230","1995-1999","55-59",29,16572
"67000230","1995-1999","60-64",175,103553
"67000230","1995-1999","65-69",12,10641
"67000230","1995-1999","70-74",64,30832
"67000230","1995-1999","75-79",54,29938
"67000230","1995-1999","80-84",262,91692
"67000230","2000-2004","40-44",11,21718
"67000230","2000-2004","45-49",36,56659
"67000230","2000-2004","50-54",78,89337
"67000230","2000-2004","55-59",40,35984
"67000230","2000-2004","60-64",17,11791
"67000230","2000-2004","65-69",70,36030
"67000230","2000-2004","70-74",83,34329
"67000230","2000-2004","75-79",276,103601
"67000230","2000-2004","80-84",177,49803
"67000230","2005-2009","40-44",26,58862
"67000230","2005-2009","45-49",9,20539
"67000230","2005-2009","50-54",25,34582
"67000230","2005-2009","55-59",2,4579
"67000230","2005-2009","60-64",180,102679
"67000230","2005-2009","65-69",30,16310
"67000230","2005-2009","70-74",77,27864
"67000230","2005-2009","75-79",22,10648
"67000230","2005-2009","80-84",516,140895
"67000230","2010-2014","40-44",3,5595
"67000230","2010-2014","45-49",7,17531
"67000230","2010-2014","50-54",1,5911
"67000230","2010-2014","55-59",13,13863
"67000230","2010-2014","60-64",48,31875
"67000230","2010-2014","65-69",31,19113
"67000230","2010-2014","70-74",300,108729
"67000230","2010-2014","75-79",198,55459
"67000230","2010-2014","80-84",205,42585
"67000230","2015-2019","40-44",5,25396
"67000230","2015-2019","45-49",4,19259
"67000230","2015-2019","50-54",10,19741
"67000230","2015-2019","55-59",18,17411
"67000230","2015-2019","60-64",41,25541
"67000230","2015-2019","65-69",86,42402
"67000230","2015-2019","70-74",21,4955
"67000230","2015-2019","75-79",221,51469
"67000230","2015-2019","80-84",156,35171
"67000240","1995-1999","40-44",72,147395
"67000240","1995-1999","45-49",12,27478
"67000240","1995-1999","50-54",34,31627
"67000240","1995-1999","55-59",50,40750
"67000240","1995-1999","60-64",47,30361
"67000240","1995-1999","65-69",79,42208
"67000240","1995-1999","70-74",145,67796
"67000240","1995-1999","75-79",416,165467
"67000240","1995-1999","80-84",146,50535
"67000240","2000-2004","40-44",45,85738
"67000240","2000-2004","45-49",12,15332
"67000240","2000-2004","50-54",10,14266
"67000240","2000-2004","55-59",132,116799
"67000240","2000-2004","60-64",22,15158
"67000240","2000-2004","65-69",458,241455
"67000240","2000-2004","70-74",252,114287
"67000240","2000-2004","75-79",36,12988
"67000240","2000-2004","80-84",108,33342
"67000240","2005-2009","40-44",7,26136
"67000240","2005-2009","45-49",6,11967
"67000240","2005-2009","50-54",27,41620
"67000240","2005-2009","55-59",10,12733
"67000240","2005-2009","60-64",50,19905
"67000240","2005-2009","65-69",213,105138
"67000240","2005-2009","70-74",23,8083
"67000240","2005-2009","75-79",183,56264
"67000240","2005-2009","80-84",203,55975
"67000240","2010-2014","40-44",29,82176
"67000240","2010-2014","45-49",3,12071
"67000240","2010-2014","50-54",33,37314
"67000240","2010-2014","55-59",14,14916
"67000240","2010-2014","60-64",44,28697
"67000240","2010-2014","65-69",49,21991
"67000240","2010-2014","70-74",64,20660
"67000240","2010-2014","75-79",261,77433
"67000240","2010-2014","80-84",87,31168
"67000240","2015-2019","40-44",4,14193
"67000240","2015-2019","45-49",8,17481
"67000240","2015-2019","50-54",26,33899
"67000240","2015-2019","55-59",32,25740
"67000240","2015-2019","60-64",38,21291
"67000240","2015-2019","65-69",30,15870
"67000240","2015-2019","70-74",35,10450
"67000240","2015-2019","75-79",47,14441
"67000240","2015-2019","80-84",39,6869
"67000250","1995-1999","40-44",25,43497
"67000250","1995-1999","45-49",13,28266
"67000250","1995-1999","50-54",16,15116
"67000250","1995-1999","55-59",37,37951
"67000250","1995-1999","60-64",22,21118
"67000250","1995-1999","65-69",177,104318
"67000250","1995-1999","70-74",71,38715
"67000250","1995-1999","75-79",25,12366
"67000250","1995-1999","80-84",129,49200
"67000250","2000-2004","40-44",15,33232
"67000250","2000-2004","45-49",19,34136
"67000250","2000-2004","50-54",8,8145
"67000250","2000-2004","55-59",70,79269
"67000250","2000-2004","60-64",64,45730
"67000250","2000-2004","65-69",61,41074
"67000250","2000-2004","70-74",33,13513
"67000250","2000-2004","75-79",31,12797
"67000250","2000-2004","80-84",135,42043
"67000250","2005-2009","40-44",18,58441
"67000250","2005-2009","45-49",2,7703
"67000250","2005-2009","50-54",8,10444
"67000250","2005-2009","55-59",34,41158
"67000250","2005-2009","60-64",22,17808
"67000250","2005-2009","65-69",298,179274
"67000250","2005-2009","70-74",100,44419
"67000250","2005-2009","75-79",36,12880
"67000250","2005-2009","80-84",31,10529
"67000250","2010-2014","40-44",5,18377
"67000250","2010-2014","45-49",16,36422
"67000250","2010-2014","50-54",5,8771
"67000250","2010-2014","55-59",38,43787
"67000250","2010-2014","60-64",138,114431
"67000250","2010-2014","65-69",216,118780
"67000250","2010-2014","70-74",27,11997
"67000250","2010-2014","75-79",189,65600
"67000250","2010-2014","80-84",239,62507
"67000250","2015-2019","40-44",9,32235
"67000250","2015-2019","45-49",8,25970
"67000250","2015-2019","50-54",46,83178
"67000250","2015-2019","55-59",27,32210
"67000250","2015-2019","60-64",30,25959
"67000250","2015-2019","65-69",39,24285
"67000250","2015-2019","70-74",13,5401
"67000250","2015-2019","75-79",242,82022
"67000250","2015-2019","80-84",195,50387
"67000260","1995-1999","40-44",28,62787
"67000260","1995-1999","45-49",9,14073
"67000260","1995-1999","50-54",6,10625
"67000260","1995-1999","55-59",60,60425
"67000260","1995-1999","60-64",6,6471
"67000260","1995-1999","65-69",33,18798
"67000260","1995-1999","70-74",63,32694
"67000260","1995-1999","75-79",79,30723
"67000260","1995-1999","80-84",25,9476
"67000260","2000-2004","40-44",20,65218
"67000260","2000-2004","45-49",23,45358
"67000260","2000-2004","50-54",6,6222
"67000260","2000-2004","55-59",83,73567
"67000260","2000-2004","60-64",28,23584
"67000260","2000-2004","65-69",53,29241
"67000260","2000-2004","70-74",65,32183
"67000260","2000-2004","75-79",27,16097
"67000260","2000-2004","80-84",104,27901
"67000260","2005-2009","40-44",10,25547
"67000260","2005-2009","45-49",4,11945
"67000260","2005-2009","50-54",53,78487
"67000260","2005-2009","55-59",15,10568
"67000260","2005-2009","60-64",423,306261
"67000260","2005-2009","65-69",9,6234
"67000260","2005-2009","70-74",95,39751
"67000260","2005-2009","75-79",177,60693
"67000260","2005-2009","80-84",42,12344
"67000260","2010-2014","40-44",8,28219
"67000260","2010-2014","45-49",26,69966
"67000260","2010-2014","50-54",8,17131
"67000260","2010-2014","55-59",12,10548
"67000260","2010-2014","60-64",109,72230
"67000260","2010-2014","65-69",35,12770
"67000260","2010-2014","70-74",292,106796
"67000260","2010-2014","75-79",112,43330
"67000260","2010-2014","80-84",100,32391
"67000260","2015-2019","40-44",3,20317
"67000260","2015-2019","45-49",21,66629
"67000260","2015-2019","50-54",35,73215
"67000260","2015-2019","55-59",3,5839
"67000260","2015-2019","60-64",52,51292
"67000260","2015-2019","65-69",60,29019
"67000260","2015-2019","70-74",123,50235
"67000260","2015-2019","75-79",102,29815
"67000260","2015-2019","80-84",138,32096
"67000270","1995-1999","40-44",8,18676
"67000270","1995-1999","45-49",7,10304
"67000270","1995-1999","50-54",173,259803
"67000270","1995-1999","55-59",21,20946
"67000270","1995-1999","60-64",14,6245
"67000270","1995-1999","65-69",29,28840
"67000270","1995-1999","70-74",59,40242
"67000270","1995-1999","75-79",24,13713
"67000270","1995-1999","80-84",122,40062
"67000270","2000-2004","40-44",11,20033
"67000270","2000-2004","45-49",13,23536
"67000270","2000-2004","50-54",76,120081
"67000270","2000-2004","55-59",9,9407
"67000270","2000-2004","60-64",62,39825
"67000270","2000-2004","65-69",50,28075
"67000270","2000-2004","70-74",23,15292
"67000270","2000-2004","75-79",47,17126
"67000270","2000-2004","80-84",128,45703
"67000270","2005-2009","40-44",7,26275
"67000270","2005-2009","45-49",82,191986
"67000270","2005-2009","50-54",45,76069
"67000270","2005-2009","55-59",2,4369
"67000270","2005-2009","60-64",48,38433
"67000270","2005-2009","65-69",34,25970
"67000270","2005-2009","70-74",57,24245
"67000270","2005-2009","75-79",166,66838
"67000270","2005-2009","80-84",12,4326
"67000270","2010-2014","40-44",6,24992
"67000270","2010-2014","45-49",40,112475
"67000270","2010-2014","50-54",8,16091
"67000270","2010-2014","55-59",17,17900
"67000270","2010-2014","60-64",34,23699
"67000270","2010-2014","65-69",59,37819
"67000270","2010-2014","70-74",45,24083
"67000270","2010-2014","75-79",240,89501
"67000270","2010-2014","80-84",1814,573233
"67000270","2015-2019","40-44",18,73000
"67000270","2015-2019","45-49",8,25624
"67000270","2015-2019","50-54",6,9137
"67000270","2015-2019","55-59",119,150440
"67000270","2015-2019","60-64",150,143466
"67000270","2015-2019","65-69",22,12130
"67000270","2015-2019","70-74",7,3336
"67000270","2015-2019","75-79",48,16606
"67000270","2015-2019","80-84",84,26514
"67000280","1995-1999","40-44",64,193271
"67000280","1995-1999","45-49",8,22256
"67000280","1995-1999","50-54",7,4545
"67000280","1995-1999","55-59",26,29563
"67000280","1995-1999","60-64",150,140305
"67000280","1995-1999","65-69",241,172687
"67000280","1995-1999","70-74",24,9928
"67000280","1995-1999","75-79",33,18228
"67000280","1995-1999","80-84",21,10546
"67000280","2000-2004","40-44",5,6760
"67000280","2000-2004","45-49",16,23340
"67000280","2000-2004","50-54",49,75521
"67000280","2000-2004","55-59",19,14979
"67000280","2000-2004","60-64",18,20349
"67000280","2000-2004","65-69",23,15021
"67000280","2000-2004","70-74",57,38493
"67000280","2000-2004","75-79",168,84387
"67000280","2000-2004","80-84",362,130909
"67000280","2005-2009","40-44",2,10245
"67000280","2005-2009","45-49",9,26353
"67000280","2005-2009","50-54",5,11289
"67000280","2005-2009","55-59",42,40008
"67000280","2005-2009","60-64",41,29307
"67000280","2005-2009","65-69",49,28090
"67000280","2005-2009","70-74",38,15421
"67000280","2005-2009","75-79",98,37493
"67000280","2005-2009","80-84",173,59971
"67000280","2010-2014","40-44",53,169589
"67000280","2010-2014","45-49",1,7136
"67000280","2010-2014","50-54",10,23227
"67000280","2010-2014","55-59",11,21557
"67000280","2010-2014","60-64",72,51946
"67000280","2010-2014","65-69",79,49245
"67000280","2010-2014","70-74",117,49269
"67000280","2010-2014","75-79",110,37484
"67000280","2010-2014","80-84",459,137884
"67000280","2015-2019","40-44",19,72007
"67000280","2015-2019","45-49",34,81009
"67000280","2015-2019","50-54",22,29212
"67000280","2015-2019","55-59",67,67586
"67000280","2015-2019","60-64",67,50963
"67000280","2015-2019","65-69",203,129701
"67000280","2015-2019","70-74",64,28954
"67000280","2015-2019","75-79",39,13991
"67000280","2015-2019","80-84",774,221964
"67000290","1995-1999","40-44",18,43785
"67000290","1995-1999","45-49",12,20660
"67000290","1995-1999","50-54",30,49684
"67000290","1995-1999","55-59",41,43111
"67000290","1995-1999","60-64",57,46026
"67000290","1995-1999","65-69",48,39010
"67000290","1995-1999","70-74",107,69023
"67000290","1995-1999","75-79",439,207780
"67000290","1995-1999","80-84",54,21508
"67000290","2000-2004","40-44",9,18295
"67000290","2000-2004","45-49",44,93802
"67000290","2000-2004","50-54",24,32824
"67000290","2000-2004","55-59",111,118909
"67000290","2000-2004","60-64",40,31095
"67000290","2000-2004","65-69",163,106442
"67000290","2000-2004","70-74",34,14874
"67000290","2000-2004","75-79",243,111152
"67000290","2000-2004","80-84",147,48194
"67000290","2005-2009","40-44",4,14614
"67000290","2005-2009","45-49",45,95958
"67000290","2005-2009","50-54",31,44963
"67000290","2005-2009","55-59",44,52277
"67000290","2005-2009","60-64",187,145027
"67000290","2005-2009","65-69",40,27364
"67000290","2005-2009","70-74",36,17805
"67000290","2005-2009","75-79",105,40115
"67000290","2005-2009","80-84",815,254468
"67000290","2010-2014","40-44",19,69377
"67000290","2010-2014","45-49",175,378079
"67000290","2010-2014","50-54",48,99120
"67000290","2010-2014","55-59",87,93413
"67000290","2010-2014","60-64",93,67647
"67000290","2010-2014","65-69",49,21802
"67000290","2010-2014","70-74",145,69939
"67000290","2010-2014","75-79",174,70513
"67000290","2010-2014","80-84",93,31206
"67000290","2015-2019","40-44",68,219278
"67000290","2015-2019","45-49",15,31263
"67000290","2015-2019","50-54",9,25506
"67000290","2015-2019","55-59",15,18501
"67000290","2015-2019","60-64",16,16702
"67000290","2015-2019","65-69",30,23203
"67000290","2015-2019","70-74",739,308018
"67000290","2015-2019","75-79",165,51444
"67000290","2015-2019","80-84",102,29803
"67000300","1995-1999","40-44",8,17992
"67000300","1995-1999","45-49",47,76308
"67000300","1995-1999","50-54",13,24135
"67000300","1995-1999","55-59",88,101495
"67000300","1995-1999","60-64",89,77273
"67000300","1995-1999","65-69",14,9305
"67000300","1995-1999","70-74",220,120951
"67000300","1995-1999","75-79",174,74115
"67000300","1995-1999","80-84",103,38187
"67000300","2000-2004","40-44",10,22225
"67000300","2000-2004","45-49",13,20598
"67000300","2000-2004","50-54",33,51423
"67000300","2000-2004","55-59",18,24341
"67000300","2000-2004","60-64",101,89263
"67000300","2000-2004","65-69",135,98939
"67000300","2000-2004","70-74",79,41393
"67000300","2000-2004","75-79",148,63242
"67000300","2000-2004","80-84",93,27687
"67000300","2005-2009","40-44",19,44547
"67000300","2005-2009","45-49",8,28050
"67000300","2005-2009","50-54",48,71824
"67000300","2005-2009","55-59",10,9975
"67000300","2005-2009","60-64",13,8907
"67000300","2005-2009","65-69",164,109320
"67000300","2005-2009","70-74",88,45284
"67000300","2005-2009","75-79",54,22087
"67000300","2005-2009","80-84",109,35025
"67000300","2010-2014","40-44",36,141593
"67000300","2010-2014","45-49",9,35009
"67000300","2010-2014","50-54",11,29384
"67000300","2010-2014","55-59",23,28434
"67000300","2010-2014","60-64",60,52043
"67000300","2010-2014","65-69",20,9905
"67000300","2010-2014","70-74",45,25309
"67000300","2010-2014","75-79",54,17242
"67000300","2010-2014","80-84",316,94813
"67000300","2015-2019","40-44",12,24332
"67000300","2015-2019","45-49",2,4774
"67000300","2015-2019","50-54",20,42068
"67000300","2015-2019","55-59",89,83122
"67000300","2015-2019","60-64",35,33020
"67000300","2015-2019","65-69",46,36689
"67000300","2015-2019","70-74",147,78455
"67000300","2015-2019","75-79",133,42089
"67000300","2015-2019","80-84",67,17643
"67000310","1995-1999","40-44",37,76360
"67000310","1995-1999","45-49",12,28436
"67000310","1995-1999","50-54",19,26926
"67000310","1995-1999","55-59",28,29195
"67000310","1995-1999","60-64",57,40396
"67000310","1995-1999","65-69",56,34819
"67000310","1995-1999","70-74",34,15509
"67000310","1995-1999","75-79",111,54290
"67000310","1995-1999","80-84",121,43290
"67000310","2000-2004","40-44",17,43316
"67000310","2000-2004","45-49",35,88518
"67000310","2000-2004","50-54",29,35274
"67000310","2000-2004","55-59",219,183524
"67000310","2000-2004","60-64",317,221550
"67000310","2000-2004","65-69",12,7368
"67000310","2000-2004","70-74",49,17921
"67000310","2000-2004","75-79",259,104822
"67000310","2000-2004","80-84",347,115811
"67000310","2005-2009","40-44",39,147386
"67000310","2005-2009","45-49",20,45202
"67000310","2005-2009","50-54",75,100122
"67000310","2005-2009","55-59",117,122539
"67000310","2005-2009","60-64",114,80520
"67000310","2005-2009","65-69",67,28643
"67000310","2005-2009","70-74",166,73445
"67000310","2005-2009","75-79",30,12604
"67000310","2005-2009","80-84",202,59613
"67000310","2010-2014","40-44",62,212650
"67000310","2010-2014","45-49",40,100537
"67000310","2010-2014","50-54",76,91928
"67000310","2010-2014","55-59",20,24390
"67000310","2010-2014","60-64",49,28340
"67000310","2010-2014","65-69",107,55476
"67000310","2010-2014","70-74",252,97762
"67000310","2010-2014","75-79",299,93292
"67000310","2010-2014","80-84",58,13550
"67000310","2015-2019","40-44",14,44415
"67000310","2015-2019","45-49",12,38699
"67000310","2015-2019","50-54",53,74293
"67000310","2015-2019","55-59",80,83297
"67000310","2015-2019","60-64",21,14755
"67000310","2015-2019","65-69",41,19442
"67000310","2015-2019","70-74",25,10156
"67000310","2015-2019","75-79",134,41226
"67000310","2015-2019","80-84",244,59129
"67000320","1995-1999","40-44",9,32028
"67000320","1995-1999","45-49",20,29062
"67000320","1995-1999","50-54",16,24308
"67000320","1995-1999","55-59",30,19607
"67000320","1995-1999","60-64",60,55300
"67000320","1995-1999","65-69",127,80434
"67000320","1995-1999","70-74",146,76738
"67000320","1995-1999","75-79",43,19699
"67000320","1995-1999","80-84",53,17450
"67000320","2000-2004","40-44",26,67096
"67000320","2000-2004","45-49",108,236274
"67000320","2000-2004","50-54",7,12527
"67000320","2000-2004","55-59",30,29430
"67000320","2000-2004","60-64",29,22154
"67000320","2000-2004","65-69",17,13332
"67000320","2000-2004","70-74",43,18351
"67000320","2000-2004","75-79",27,10924
"67000320","2000-2004","80-84",87,26627
"67000320","2005-2009","40-44",14,41871
"67000320","2005-2009","45-49",11,37252
"67000320","2005-2009","50-54",85,138983
"67000320","2005-2009","55-59",141,149847
"67000320","2005-2009","60-64",59,46569
"67000320","2005-2009","65-69",46,39094
"67000320","2005-2009","70-74",164,70583
"67000320","2005-2009","75-79",63,26878
"67000320","2005-2009","80-84",86,26154
"67000320","2010-2014","40-44",13,31999
"67000320","2010-2014","45-49",15,35091
"67000320","2010-2014","50-54",47,73020
"67000320","2010-2014","55-59",89,87806
"67000320","2010-2014","60-64",85,55806
"67000320","2010-2014","65-69",44,27358
"67000320","2010-2014","70-74",100,45898
"67000320","2010-2014","75-79",176,59107
"67000320","2010-2014","80-84",185,61477
"67000320","2015-2019","40-44",5,21499
"67000320","2015-2019","45-49",94,226962
"67000320","2015-2019","50-54",22,41250
"67000320","2015-2019","55-59",17,23235
"67000320","2015-2019","60-64",105,84390
"67000320","2015-2019","65-69",15,10791
"67000320","2015-2019","70-74",98,47257
"67000320","2015-2019","75-79",110,36391
"67000320","2015-2019","80-84",327,94978
"67000330","1995-1999","40-44",87,258252
"67000330","1995-1999","45-49",12,26577
"67000330","1995-1999","50-54",22,33042
"67000330","1995-1999","55-59",5,7731
"67000330","1995-1999","60-64",47,48161
"67000330","1995-1999","65-69",78,54797
"67000330","1995-1999","70-74",18,12478
"67000330","1995-1999","75-79",103,44719
"67000330","1995-1999","80-84",357,134493
"67000330","2000-2004","40-44",11,52798
"67000330","2000-2004","45-49",23,26530
"67000330","2000-2004","50-54",51,75573
"67000330","2000-2004","55-59",45,62372
"67000330","2000-2004","60-64",41,46306
"67000330","2000-2004","65-69",30,17997
"67000330","2000-2004","70-74",34,18978
"67000330","2000-2004","75-79",293,130450
"67000330","2000-2004","80-84",37,11419
"67000330","2005-2009","40-44",11,49490
"67000330","2005-2009","45-49",12,19367
"67000330","2005-2009","50-54",73,116232
"67000330","2005-2009","55-59",21,23949
"67000330","2005-2009","60-64",58,45022
"67000330","2005-2009","65-69",53,35779
"67000330","2005-2009","70-74",10,9325
"67000330","2005-2009","75-79",26,13007
"67000330","2005-2009","80-84",193,67741
"67000330","2010-2014","40-44",10,27859
"67000330","2010-2014","45-49",37,92853
"67000330","2010-2014","50-54",12,17780
"67000330","2010-2014","55-59",31,40797
"67000330","2010-2014","60-64",120,103067
"67000330","2010-2014","65-69",134,74549
"67000330","2010-2014","70-74",173,70197
"67000330","2010-2014","75-79",129,51241
"67000330","2010-2014","80-84",344,98865
"67000330","2015-2019","40-44",31,107665
"67000330","2015-2019","45-49",37,136216
"67000330","2015-2019","50-54",4,9776
"67000330","2015-2019","55-59",38,55412
"67000330","2015-2019","60-64",55,56554
"67000330","2015-2019","65-69",138,88455
"67000330","2015-2019","70-74",26,11656
"67000330","2015-2019","75-79",64,24151
"67000330","2015-2019","80-84",83,26320
"67000340","1995-1999","40-44",66,139731
"67000340","1995-1999","45-49",27,45187
"67000340","1995-1999","50-54",10,14398
"67000340","1995-1999","55-59",16,21798
"67000340","1995-1999","60-64",107,101600
"67000340","1995-1999","65-69",128,82104
"67000340","1995-1999","70-74",82,40008
"67000340","1995-1999","75-79",827,375872
"67000340","1995-1999","80-84",345,118763
"67000340","2000-2004","40-44",8,21953
"67000340","2000-2004","45-49",7,13458
"67000340","2000-2004","50-54",30,40221
"67000340","2000-2004","55-59",11,16565
"67000340","2000-2004","60-64",42,37905
"67000340","2000-2004","65-69",42,26465
"67000340","2000-2004","70-74",96,38932
"67000340","2000-2004","75-79",29,12440
"67000340","2000-2004","80-84",194,59800
"67000340","2005-2009","40-44",16,51675
"67000340","2005-2009","45-49",11,28175
"67000340","2005-2009","50-54",112,160883
"67000340","2005-2009","55-59",11,10933
"67000340","2005-2009","60-64",26,16107
"67000340","2005-2009","65-69",19,10015
"67000340","2005-2009","70-74",212,93928
"67000340","2005-2009","75-79",32,10414
"67000340","2005-2009","80-84",103,33434
"67000340","2010-2014","40-44",6,28698
"67000340","2010-2014","45-49",21,47026
"67000340","2010-2014","50-54",5,7794
"67000340","2010-2014","55-59",62,50298
"67000340","2010-2014","60-64",149,114831
"67000340","2010-2014","65-69",85,45570
"67000340","2010-2014","70-74",102,43778
"67000340","2010-2014","75-79",160,52478
"67000340","2010-2014","80-84",147,38050
"67000340","2015-2019","40-44",40,164781
"67000340","2015-2019","45-49",33,89570
"67000340","2015-2019","50-54",22,32912
"67000340","2015-2019","55-59",37,45028
"67000340","2015-2019","60-64",53,38440
"67000340","2015-2019","65-69",185,102948
"67000340","2015-2019","70-74",106,39500
"67000340","2015-2019","75-79",138,47120
"67000340","2015-2019","80-84",150,36071
"67000350","1995-1999","40-44",8,20417
"67000350","1995-1999","45-49",13,26871
"67000350","1995-1999","50-54",6,9765
"67000350","1995-1999","55-59",48,40379
"67000350","1995-1999","60-64",22,22979
"67000350","1995-1999","65-69",16,13257
"67000350","1995-1999","70-74",56,29194
"67000350","1995-1999","75-79",201,103990
"67000350","1995-1999","80-84",15,10646
"67000350","2000-2004","40-44",7,21287
"67000350","2000-2004","45-49",34,61449
"67000350","2000-2004","50-54",82,95413
"67000350","2000-2004","55-59",22,29067
"67000350","2000-2004","60-64",26,22300
"67000350","2000-2004","65-69",438,247138
"67000350","2000-2004","70-74",117,59061
"67000350","2000-2004","75-79",79,39499
"67000350","2000-2004","80-84",50,15643
"67000350","2005-2009","40-44",7,27115
"67000350","2005-2009","45-49",5,15152
"67000350","2005-2009","50-54",13,19833
"67000350","2005-2009","55-59",48,57470
"67000350","2005-2009","60-64",12,12252
"67000350","2005-2009","65-69",80,40326
"67000350","2005-2009","70-74",31,20331
"67000350","2005-2009","75-79",54,21024
"67000350","2005-2009","80-84",29,6514
"67000350","2010-2014","40-44",12,29214
"67000350","2010-2014","45-49",4,8166
"67000350","2010-2014","50-54",37,55577
"67000350","2010-2014","55-59",18,18863
"67000350","2010-2014","60-64",118,84919
"67000350","2010-2014","65-69",101,64119
"67000350","2010-2014","70-74",139,57060
"67000350","2010-2014","75-79",272,84375
"67000350","2010-2014","80-84",71,19811
"67000350","2015-2019","40-44",8,17293
"67000350","2015-2019","45-49",2,10607
"67000350","2015-2019","50-54",9,13688
"67000350","2015-2019","55-59",31,33490
"67000350","2015-2019","60-64",57,41230
"67000350","2015-2019","65-69",59,28304
"67000350","2015-2019","70-74",31,15337
"67000350","2015-2019","75-79",110,32326
"67000350","2015-2019","80-84",1,2046
"67000360","1995-1999","40-44",19,63445
"67000360","1995-1999","45-49",4,12164
"67000360","1995-1999","50-54",11,15194
"67000360","1995-1999","55-59",58,73105
"67000360","1995-1999","60-64",24,26637
"67000360","1995-1999","65-69",39,20866
"67000360","1995-1999","70-74",249,147513
"67000360","1995-1999","75-79",99,54554
"67000360","1995-1999","80-84",98,32835
"67000360","2000-2004","40-44",5,19681
"67000360","2000-2004","45-49",40,92567
"67000360","2000-2004","50-54",11,23217
"67000360","2000-2004","55-59",82,95245
"67000360","2000-2004","60-64",19,15456
"67000360","2000-2004","65-69",10,6396
"67000360","2000-2004","70-74",22,12012
"67000360","2000-2004","75-79",14,8755
"67000360","2000-2004","80-84",70,27290
"67000360","2005-2009","40-44",8,46846
"67000360","2005-2009","45-49",4,11295
"67000360","2005-2009","50-54",9,16065
"67000360","2005-2009","55-59",11,18336
"67000360","2005-2009","60-64",99,76227
"67000360","2005-2009","65-69",72,45138
"67000360","2005-2009","70-74",61,32565
"67000360","2005-2009","75-79",33,11753
"67000360","2005-2009","80-84",68,28898
"67000360","2010-2014","40-44",72,262089
"67000360","2010-2014","45-49",23,46393
"67000360","2010-2014","50-54",29,54359
"67000360","2010-2014","55-59",25,42466
"67000360","2010-2014","60-64",49,45482
"67000360","2010-2014","65-69",69,47174
"67000360","2010-2014","70-74",13,5100
"67000360","2010-2014","75-79",37,11571
"67000360","2010-2014","80-84",66,14922
"67000360","2015-2019","40-44",14,48658
"67000360","2015-2019","45-49",4,24156
"67000360","2015-2019","50-54",66,117732
"67000360","2015-2019","55-59",11,11537
"67000360","2015-2019","60-64",79,68455
"67000360","2015-2019","65-69",125,92352
"67000360","2015-2019","70-74",80,37859
"67000360","2015-2019","75-79",30,15124
"67000360","2015-2019","80-84",163,42354
"67000370","1995-1999","40-44",13,35040
"67000370","1995-1999","45-49",14,26887
"67000370","1995-1999","50-54",8,11281
"67000370","1995-1999","55-59",28,26565
"67000370","1995-1999","60-64",61,58258
"67000370","1995-1999","65-69",97,63030
"67000370","1995-1999","70-74",108,61884
"67000370","1995-1999","75-79",65,36779
"67000370","1995-1999","80-84",160,57612
"67000370","2000-2004","40-44",12,24499
"67000370","2000-2004","45-49",7,19129
"67000370","2000-2004","50-54",84,126130
"67000370","2000-2004","55-59",18,18960
"67000370","2000-2004","60-64",88,67577
"67000370","2000-2004","65-69",165,112445
"67000370","2000-2004","70-74",130,73420
"67000370","2000-2004","75-79",158,64067
"67000370","2000-2004","80-84",32,9992
"67000370","2005-2009","40-44",4,12029
"67000370","2005-2009","45-49",8,21363
"67000370","2005-2009","50-54",46,69614
"67000370","2005-2009","55-59",58,56483
"67000370","2005-2009","60-64",28,19987
"67000370","2005-2009","65-69",27,16359
"67000370","2005-2009","70-74",107,42675
"67000370","2005-2009","75-79",63,24374
"67000370","2005-2009","80-84",577,180706
"67000370","2010-2014","40-44",1,6026
"67000370","2010-2014","45-49",40,88062
"67000370","2010-2014","50-54",29,40706
"67000370","2010-2014","55-59",8,9532
"67000370","2010-2014","60-64",103,89601
"67000370","2010-2014","65-69",49,23654
"67000370","2010-2014","70-74",211,100048
"67000370","2010-2014","75-79",125,51467
"67000370","2010-2014","80-84",111,29535
"67000370","2015-2019","40-44",35,137529
"67000370","2015-2019","45-49",21,54436
"67000370","2015-2019","50-54",12,24390
"67000370","2015-2019","55-59",45,50794
"67000370","2015-2019","60-64",8,15817
"67000370","2015-2019","65-69",33,20270
"67000370","2015-2019","70-74",45,18268
"67000370","2015-2019","75-79",40,9591
"67000370","2015-2019","80-84",111,32746
