"TOWNCODE","PERIOD","AGE","CASE","POP"
"10010010","1995-1999","40-44",30,51078
"10010010","1995-1999","45-49",16,19463
"10010010","1995-1999","50-54",23,14765
"10010010","1995-1999","55-59",252,202978
"10010010","1995-1999","60-64",44,43208
"10010010","1995-1999","65-69",91,57218
"10010010","1995-1999","70-74",42,30191
"10010010","1995-1999","75-79",80,41929
"10010010","1995-1999","80-84",237,82528
"10010010","2000-2004","40-44",191,335617
"10010010","2000-2004","45-49",19,13024
"10010010","2000-2004","50-54",29,20710
"10010010","2000-2004","55-59",75,43765
"10010010","2000-2004","60-64",132,79219
"10010010","2000-2004","65-69",112,75743
"10010010","2000-2004","70-74",60,29192
"10010010","2000-2004","75-79",17,10527
"10010010","2000-2004","80-84",245,94278
"10010010","2005-2009","40-44",43,72608
"10010010","2005-2009","45-49",16,20808
"10010010","2005-2009","50-54",87,76749
"10010010","2005-2009","55-59",41,23276
"10010010","2005-2009","60-64",91,46321
"10010010","2005-2009","65-69",155,74538
"10010010","2005-2009","70-74",139,69698
"10010010","2005-2009","75-79",132,59896
"10010010","2005-2009","80-84",113,36844
"10010010","2010-2014","40-44",12,22383
"10010010","2010-2014","45-49",11,12632
"10010010","2010-2014","50-54",34,38266
"10010010","2010-2014","55-59",93,52732
"10010010","2010-2014","60-64",122,53253
"10010010","2010-2014","65-69",283,120548
"10010010","2010-2014","70-74",427,152257
"10010010","2010-2014","75-79",86,27137
"10010010","2010-2014","80-84",122,34415
"10010010","2015-2019","40-44",7,19792
"10010010","2015-2019","45-49",17,37518
"10010010","2015-2019","50-54",17,10620
"10010010","2015-2019","55-59",227,147555
"10010010","2015-2019","60-64",201,93593
"10010010","2015-2019","65-69",80,31475
"10010010","2015-2019","70-74",73,21495
"10010010","2015-2019","75-79",142,38031
"10010010","2015-2019","80-84",34,8574
"10010020","1995-1999","40-44",29,39770
"10010020","1995-1999","45-49",64,71428
"10010020","1995-1999","50-54",11,7279
"10010020","1995-1999","55-59",25,25161
"10010020","1995-1999","60-64",20,16526
"10010020","1995-1999","65-69",185,120666
"10010020","1995-1999","70-74",60,33730
"10010020","1995-1999","75-79",80,37610
"10010020","1995-1999","80-84",9,3220
"10010020","2000-2004","40-44",63,106588
"10010020","2000-2004","45-49",81,97030
"10010020","2000-2004","50-54",46,38958
"10010020","2000-2004","55-59",36,26753
"10010020","2000-2004","60-64",38,25729
"10010020","2000-2004","65-69",43,17936
"10010020","2000-2004","70-74",198,99479
"10010020","2000-2004","75-79",28,12404
"10010020","2000-2004","80-84",145,49576
"10010020","2005-2009","40-44",30,47393
"10010020","2005-2009","45-49",46,47147
"10010020","2005-2009","50-54",86,69668
"10010020","2005-2009","55-59",60,36069
"10010020","2005-2009","60-64",15,11693
"10010020","2005-2009","65-69",72,31429
"10010020","2005-2009","70-74",514,203209
"10010020","2005-2009","75-79",183,67637
"10010020","2005-2009","80-84",55,16888
"10010020","2010-2014","40-44",23,35738
"10010020","2010-2014","45-49",20,26312
"10010020","2010-2014","50-54",30,28598
"10010020","2010-2014","55-59",20,14995
"10010020","2010-2014","60-64",109,56324
"10010020","2010-2014","65-69",100,36783
"10010020","2010-2014","70-74",876,323108
"10010020","2010-2014","75-79",152,50719
"10010020","2010-2014","80-84",136,38549
"10010020","2015-2019","40-44",16,29919
"10010020","2015-2019","45-49",3,7681
"10010020","2015-2019","50-54",22,28604
"10010020","2015-2019","55-59",96,59120
"10010020","2015-2019","60-64",13,7544
"10010020","2015-2019","65-69",30,9234
"10010020","2015-2019","70-74",129,36770
"10010020","2015-2019","75-79",469,122722
"10010020","2015-2019","80-84",471,116251
"10010030","1995-1999","40-44",20,27433
"10010030","1995-1999","45-49",17,21439
"10010030","1995-1999","50-54",44,35678
"10010030","1995-1999","55-59",89,78358
"10010030","1995-1999","60-64",19,13481
"10010030","1995-1999","65-69",26,12404
"10010030","1995-1999","70-74",82,42352
"10010030","1995-1999","75-79",164,57728
"10010030","1995-1999","80-84",76,23961
"10010030","2000-2004","40-44",42,84113
"10010030","2000-2004","45-49",36,41678
"10010030","2000-2004","50-54",22,10569
"10010030","2000-2004","55-59",355,217815
"10010030","2000-2004","60-64",38,23147
"10010030","2000-2004","65-69",21,10867
"10010030","2000-2004","70-74",345,161706
"10010030","2000-2004","75-79",76,33778
"10010030","2000-2004","80-84",262,74909
"10010030","2005-2009","40-44",28,52136
"10010030","2005-2009","45-49",75,94969
"10010030","2005-2009","50-54",10,14633
"10010030","2005-2009","55-59",30,15154
"10010030","2005-2009","60-64",32,15681
"10010030","2005-2009","65-69",200,96191
"10010030","2005-2009","70-74",37,13728
"10010030","2005-2009","75-79",201,66685
"10010030","2005-2009","80-84",570,188663
"10010030","2010-2014","40-44",21,42726
"10010030","2010-2014","45-49",9,12848
"10010030","2010-2014","50-54",42,55511
"10010030","2010-2014","55-59",95,71469
"10010030","2010-2014","60-64",33,14950
"10010030","2010-2014","65-69",101,29739
"10010030","2010-2014","70-74",532,168485
"10010030","2010-2014","75-79",194,64532
"10010030","2010-2014","80-84",310,81552
"10010030","2015-2019","40-44",58,142408
"10010030","2015-2019","45-49",89,169611
"10010030","2015-2019","50-54",24,23565
"10010030","2015-2019","55-59",13,13773
"10010030","2015-2019","60-64",60,24595
"10010030","2015-2019","65-69",49,21543
"10010030","2015-2019","70-74",155,39678
"10010030","2015-2019","75-79",173,40735
"10010030","2015-2019","80-84",51,12162
"10010040","1995-1999","40-44",18,33557
"10010040","1995-1999","45-49",28,32357
"10010040","1995-1999","50-54",11,26707
"10010040","1995-1999","55-59",86,99717
"10010040","1995-1999","60-64",20,21212
"10010040","1995-1999","65-69",99,75504
"10010040","1995-1999","70-74",50,33294
"10010040","1995-1999","75-79",118,59125
"10010040","1995-1999","80-84",69,28277
"10010040","2000-2004","40-44",21,35274
"10010040","2000-2004","45-49",22,36032
"10010040","2000-2004","50-54",67,122341
"10010040","2000-2004","55-59",29,36001
"10010040","2000-2004","60-64",95,85564
"10010040","2000-2004","65-69",48,42445
"10010040","2000-2004","70-74",14,11135
"10010040","2000-2004","75-79",58,27261
"10010040","2000-2004","80-84",128,38558
"10010040","2005-2009","40-44",17,22419
"10010040","2005-2009","45-49",64,85810
"10010040","2005-2009","50-54",30,30402
"10010040","2005-2009","55-59",17,13540
"10010040","2005-2009","60-64",95,92046
"10010040","2005-2009","65-69",15,13288
"10010040","2005-2009","70-74",35,21970
"10010040","2005-2009","75-79",106,49449
"10010040","2005-2009","80-84",140,49316
"10010040","2010-2014","40-44",23,29937
"10010040","2010-2014","45-49",59,65798
"10010040","2010-2014","50-54",9,6152
"10010040","2010-2014","55-59",75,68914
"10010040","2010-2014","60-64",16,12257
"10010040","2010-2014","65-69",114,70403
"10010040","2010-2014","70-74",30,16276
"10010040","2010-2014","75-79",36,14706
"10010040","2010-2014","80-84",133,42902
"10010040","2015-2019","40-44",14,25388
"10010040","2015-2019","45-49",100,85337
"10010040","2015-2019","50-54",15,13270
"10010040","2015-2019","55-59",41,27552
"10010040","2015-2019","60-64",50,32717
"10010040","2015-2019","65-69",31,19136
"10010040","2015-2019","70-74",33,18509
"10010040","2015-2019","75-79",148,57350
"10010040","2015-2019","80-84",151,47910
"10010050","1995-1999","40-44",6,9737
"10010050","1995-1999","45-49",17,26722
"10010050","1995-1999","50-54",34,43920
"10010050","1995-1999","55-59",35,41190
"10010050","1995-1999","60-64",19,22273
"10010050","1995-1999","65-69",27,19958
"10010050","1995-1999","70-74",45,28006
"10010050","1995-1999","75-79",154,87792
"10010050","1995-1999","80-84",249,87928
"10010050","2000-2004","40-44",14,22553
"10010050","2000-2004","45-49",29,31207
"10010050","2000-2004","50-54",21,24380
"10010050","2000-2004","55-59",41,33981
"10010050","2000-2004","60-64",116,93582
"10010050","2000-2004","65-69",53,43582
"10010050","2000-2004","70-74",135,91244
"10010050","2000-2004","75-79",175,71432
"10010050","2000-2004","80-84",437,144716
"10010050","2005-2009","40-44",22,23754
"10010050","2005-2009","45-49",41,42165
"10010050","2005-2009","50-54",29,31313
"10010050","2005-2009","55-59",102,77878
"10010050","2005-2009","60-64",13,9557
"10010050","2005-2009","65-69",101,63884
"10010050","2005-2009","70-74",192,103123
"10010050","2005-2009","75-79",54,25007
"10010050","2005-2009","80-84",73,22601
"10010050","2010-2014","40-44",14,16486
"10010050","2010-2014","45-49",17,22114
"10010050","2010-2014","50-54",34,25783
"10010050","2010-2014","55-59",87,53697
"10010050","2010-2014","60-64",12,9066
"10010050","2010-2014","65-69",27,13006
"10010050","2010-2014","70-74",48,20516
"10010050","2010-2014","75-79",48,16421
"10010050","2010-2014","80-84",38,11466
"10010050","2015-2019","40-44",19,33804
"10010050","2015-2019","45-49",11,19943
"10010050","2015-2019","50-54",54,39728
"10010050","2015-2019","55-59",41,30003
"10010050","2015-2019","60-64",35,17653
"10010050","2015-2019","65-69",103,42409
"10010050","2015-2019","70-74",27,12200
"10010050","2015-2019","75-79",80,26026
"10010050","2015-2019","80-84",228,72223
"10010060","1995-1999","40-44",18,36480
"10010060","1995-1999","45-49",22,51618
"10010060","1995-1999","50-54",39,51501
"10010060","1995-1999","55-59",4,4156
"10010060","1995-1999","60-64",17,12230
"10010060","1995-1999","65-69",41,33245
"10010060","1995-1999","70-74",276,188573
"10010060","1995-1999","75-79",74,38079
"10010060","1995-1999","80-84",238,97987
"10010060","2000-2004","40-44",3,11634
"10010060","2000-2004","45-49",11,20602
"10010060","2000-2004","50-54",102,148106
"10010060","2000-2004","55-59",97,132337
"10010060","2000-2004","60-64",101,104987
"10010060","2000-2004","65-69",63,49491
"10010060","2000-2004","70-74",22,10476
"10010060","2000-2004","75-79",53,26978
"10010060","2000-2004","80-84",66,27333
"10010060","2005-2009","40-44",13,13304
"10010060","2005-2009","45-49",4,9946
"10010060","2005-2009","50-54",34,40281
"10010060","2005-2009","55-59",13,12998
"10010060","2005-2009","60-64",91,77894
"10010060","2005-2009","65-69",20,16780
"10010060","2005-2009","70-74",135,80172
"10010060","2005-2009","75-79",117,55811
"10010060","2005-2009","80-84",36,15108
"10010060","2010-2014","40-44",54,90264
"10010060","2010-2014","45-49",84,106576
"10010060","2010-2014","50-54",318,285140
"10010060","2010-2014","55-59",3,1835
"10010060","2010-2014","60-64",11,7573
"10010060","2010-2014","65-69",140,93922
"10010060","2010-2014","70-74",113,63166
"10010060","2010-2014","75-79",149,71654
"10010060","2010-2014","80-84",51,13444
"10010060","2015-2019","40-44",94,157668
"10010060","2015-2019","45-49",112,106059
"10010060","2015-2019","50-54",29,22534
"10010060","2015-2019","55-59",70,45938
"10010060","2015-2019","60-64",64,28737
"10010060","2015-2019","65-69",72,51835
"10010060","2015-2019","70-74",29,12068
"10010060","2015-2019","75-79",76,29484
"10010060","2015-2019","80-84",84,28575
"10010070","1995-1999","40-44",51,84071
"10010070","1995-1999","45-49",13,22368
"10010070","1995-1999","50-54",41,48050
"10010070","1995-1999","55-59",12,8905
"10010070","1995-1999","60-64",30,28637
"10010070","1995-1999","65-69",16,11704
"10010070","1995-1999","70-74",22,22066
"10010070","1995-1999","75-79",75,46683
"10010070","1995-1999","80-84",23,8796
"10010070","2000-2004","40-44",27,27697
"10010070","2000-2004","45-49",57,77059
"10010070","2000-2004","50-54",21,23762
"10010070","2000-2004","55-59",23,23837
"10010070","2000-2004","60-64",3,4134
"10010070","2000-2004","65-69",44,35834
"10010070","2000-2004","70-74",39,20707
"10010070","2000-2004","75-79",127,56040
"10010070","2000-2004","80-84",86,38533
"10010070","2005-2009","40-44",46,61769
"10010070","2005-2009","45-49",20,23162
"10010070","2005-2009","50-54",14,18243
"10010070","2005-2009","55-59",63,46825
"10010070","2005-2009","60-64",13,11151
"10010070","2005-2009","65-69",46,26056
"10010070","2005-2009","70-74",46,28877
"10010070","2005-2009","75-79",123,58290
"10010070","2005-2009","80-84",20,8361
"10010070","2010-2014","40-44",5,11961
"10010070","2010-2014","45-49",11,11496
"10010070","2010-2014","50-54",104,80226
"10010070","2010-2014","55-59",81,51320
"10010070","2010-2014","60-64",65,38136
"10010070","2010-2014","65-69",141,77958
"10010070","2010-2014","70-74",47,25240
"10010070","2010-2014","75-79",175,69141
"10010070","2010-2014","80-84",116,43724
"10010070","2015-2019","40-44",23,40343
"10010070","2015-2019","45-49",68,74722
"10010070","2015-2019","50-54",55,38970
"10010070","2015-2019","55-59",25,16273
"10010070","2015-2019","60-64",65,39580
"10010070","2015-2019","65-69",85,41207
"10010070","2015-2019","70-74",237,99984
"10010070","2015-2019","75-79",63,24593
"10010070","2015-2019","80-84",66,16146
"10010080","1995-1999","40-44",14,23000
"10010080","1995-1999","45-49",53,67158
"10010080","1995-1999","50-54",24,30115
"10010080","1995-1999","55-59",14,15966
"10010080","1995-1999","60-64",16,12280
"10010080","1995-1999","65-69",22,17707
"10010080","1995-1999","70-74",58,47733
"10010080","1995-1999","75-79",163,83977
"10010080","1995-1999","80-84",116,40026
"10010080","2000-2004","40-44",76,88872
"10010080","2000-2004","45-49",10,14383
"10010080","2000-2004","50-54",39,38919
"10010080","2000-2004","55-59",29,20441
"10010080","2000-2004","60-64",22,20485
"10010080","2000-2004","65-69",11,12845
"10010080","2000-2004","70-74",65,44435
"10010080","2000-2004","75-79",33,15203
"10010080","2000-2004","80-84",108,34546
"10010080","2005-2009","40-44",4,8886
"10010080","2005-2009","45-49",21,26176
"10010080","2005-2009","50-54",4,6677
"10010080","2005-2009","55-59",71,44136
"10010080","2005-2009","60-64",453,281611
"10010080","2005-2009","65-69",52,26519
"10010080","2005-2009","70-74",89,49833
"10010080","2005-2009","75-79",149,70796
"10010080","2005-2009","80-84",854,321449
"10010080","2010-2014","40-44",10,25872
"10010080","2010-2014","45-49",1,6203
"10010080","2010-2014","50-54",42,26369
"10010080","2010-2014","55-59",300,199980
"10010080","2010-2014","60-64",25,10631
"10010080","2010-2014","65-69",84,40284
"10010080","2010-2014","70-74",72,30454
"10010080","2010-2014","75-79",22,8511
"10010080","2010-2014","80-84",129,39695
"10010080","2015-2019","40-44",60,140524
"10010080","2015-2019","45-49",22,34527
"10010080","2015-2019","50-54",19,19073
"10010080","2015-2019","55-59",64,50620
"10010080","2015-2019","60-64",22,13622
"10010080","2015-2019","65-69",156,70978
"10010080","2015-2019","70-74",89,28090
"10010080","2015-2019","75-79",49,14559
"10010080","2015-2019","80-84",127,42032
"10010090","1995-1999","40-44",19,30466
"10010090","1995-1999","45-49",40,53046
"10010090","1995-1999","50-54",9,15215
"10010090","1995-1999","55-59",35,28912
"10010090","1995-1999","60-64",6,7554
"10010090","1995-1999","65-69",70,55910
"10010090","1995-1999","70-74",39,25395
"10010090","1995-1999","75-79",50,25279
"10010090","1995-1999","80-84",44,18548
"10010090","2000-2004","40-44",1,5779
"10010090","2000-2004","45-49",23,33357
"10010090","2000-2004","50-54",24,26808
"10010090","2000-2004","55-59",27,30341
"10010090","2000-2004","60-64",151,107197
"10010090","2000-2004","65-69",105,82236
"10010090","2000-2004","70-74",90,60495
"10010090","2000-2004","75-79",86,34956
"10010090","2000-2004","80-84",350,127142
"10010090","2005-2009","40-44",25,39620
"10010090","2005-2009","45-49",30,34056
"10010090","2005-2009","50-54",46,49441
"10010090","2005-2009","55-59",42,26466
"10010090","2005-2009","60-64",32,18838
"10010090","2005-2009","65-69",72,40903
"10010090","2005-2009","70-74",108,53720
"10010090","2005-2009","75-79",160,71643
"10010090","2005-2009","80-84",176,66336
"10010090","2010-2014","40-44",11,15250
"10010090","2010-2014","45-49",35,42436
"10010090","2010-2014","50-54",36,32377
"10010090","2010-2014","55-59",102,59117
"10010090","2010-2014","60-64",94,50952
"10010090","2010-2014","65-69",31,13058
"10010090","2010-2014","70-74",59,28251
"10010090","2010-2014","75-79",257,91681
"10010090","2010-2014","80-84",171,52869
"10010090","2015-2019","40-44",12,24072
"10010090","2015-2019","45-49",22,36898
"10010090","2015-2019","50-54",86,78269
"10010090","2015-2019","55-59",106,71928
"10010090","2015-2019","60-64",129,63399
"10010090","2015-2019","65-69",143,50530
"10010090","2015-2019","70-74",117,40908
"10010090","2015-2019","75-79",88,27023
"10010090","2015-2019","80-84",45,13518
"10010100","1995-1999","40-44",32,59114
"10010100","1995-1999","45-49",10,14926
"10010100","1995-1999","50-54",81,53210
"10010100","1995-1999","55-59",16,11377
"10010100","1995-1999","60-64",204,114396
"10010100","1995-1999","65-69",111,55805
"10010100","1995-1999","70-74",45,15642
"10010100","1995-1999","75-79",40,13964
"10010100","1995-1999","80-84",62,15173
"10010100","2000-2004","40-44",16,38336
"10010100","2000-2004","45-49",21,32556
"10010100","2000-2004","50-54",20,21508
"10010100","2000-2004","55-59",92,55506
"10010100","2000-2004","60-64",81,41976
"10010100","2000-2004","65-69",261,121183
"10010100","2000-2004","70-74",46,21163
"10010100","2000-2004","75-79",178,57705
"10010100","2000-2004","80-84",129,30002
"10010100","2005-2009","40-44",11,32112
"10010100","2005-2009","45-49",11,17506
"10010100","2005-2009","50-54",66,62518
"10010100","2005-2009","55-59",55,38611
"10010100","2005-2009","60-64",42,22495
"10010100","2005-2009","65-69",118,42586
"10010100","2005-2009","70-74",176,50929
"10010100","2005-2009","75-79",424,107489
"10010100","2005-2009","80-84",97,27628
"10010100","2010-2014","40-44",9,15414
"10010100","2010-2014","45-49",11,19117
"10010100","2010-2014","50-54",65,97177
"10010100","2010-2014","55-59",47,32682
"10010100","2010-2014","60-64",62,32014
"10010100","2010-2014","65-69",122,39349
"10010100","2010-2014","70-74",87,22667
"10010100","2010-2014","75-79",308,71645
"10010100","2010-2014","80-84",98,23418
"10010100","2015-2019","40-44",4,10546
"10010100","2015-2019","45-49",46,88794
"10010100","2015-2019","50-54",26,34242
"10010100","2015-2019","55-59",20,14607
"10010100","2015-2019","60-64",134,79846
"10010100","2015-2019","65-69",71,19782
"10010100","2015-2019","70-74",199,47331
"10010100","2015-2019","75-79",131,23227
"10010100","2015-2019","80-84",268,45981
"10010110","1995-1999","40-44",21,48200
"10010110","1995-1999","45-49",77,82197
"10010110","1995-1999","50-54",24,21795
"10010110","1995-1999","55-59",107,76032
"10010110","1995-1999","60-64",100,69797
"10010110","1995-1999","65-69",53,33348
"10010110","1995-1999","70-74",58,35068
"10010110","1995-1999","75-79",73,25039
"10010110","1995-1999","80-84",985,275554
"10010110","2000-2004","40-44",5,12068
"10010110","2000-2004","45-49",34,41378
"10010110","2000-2004","50-54",66,51688
"10010110","2000-2004","55-59",330,207639
"10010110","2000-2004","60-64",70,36831
"10010110","2000-2004","65-69",214,101042
"10010110","2000-2004","70-74",82,29783
"10010110","2000-2004","75-79",83,31204
"10010110","2000-2004","80-84",58,14098
"10010110","2005-2009","40-44",32,59943
"10010110","2005-2009","45-49",105,130972
"10010110","2005-2009","50-54",59,38852
"10010110","2005-2009","55-59",35,22843
"10010110","2005-2009","60-64",53,19813
"10010110","2005-2009","65-69",36,12502
"10010110","2005-2009","70-74",151,52945
"10010110","2005-2009","75-79",59,14683
"10010110","2005-2009","80-84",92,22923
"10010110","2010-2014","40-44",5,17935
"10010110","2010-2014","45-49",21,38076
"10010110","2010-2014","50-54",34,34246
"10010110","2010-2014","55-59",361,230479
"10010110","2010-2014","60-64",121,50169
"10010110","2010-2014","65-69",125,48542
"10010110","2010-2014","70-74",45,13245
"10010110","2010-2014","75-79",450,113521
"10010110","2010-2014","80-84",199,55881
"10010110","2015-2019","40-44",13,38432
"10010110","2015-2019","45-49",15,33550
"10010110","2015-2019","50-54",63,62293
"10010110","2015-2019","55-59",4,4440
"10010110","2015-2019","60-64",128,66164
"10010110","2015-2019","65-69",68,24465
"10010110","2015-2019","70-74",436,103471
"10010110","2015-2019","75-79",111,22940
"10010110","2015-2019","80-84",166,29529
"10010120","1995-1999","40-44",13,19671
"10010120","1995-1999","45-49",25,34212
"10010120","1995-1999","50-54",87,72829
"10010120","1995-1999","55-59",196,140268
"10010120","1995-1999","60-64",25,15924
"10010120","1995-1999","65-69",218,127934
"10010120","1995-1999","70-74",52,27245
"10010120","1995-1999","75-79",26,10851
"10010120","1995-1999","80-84",61,17309
"10010120","2000-2004","40-44",101,144970
"10010120","2000-2004","45-49",83,75159
"10010120","2000-2004","50-54",51,31689
"10010120","2000-2004","55-59",78,62387
"10010120","2000-2004","60-64",68,43039
"10010120","2000-2004","65-69",74,31627
"10010120","2000-2004","70-74",23,13388
"10010120","2000-2004","75-79",17,8084
"10010120","2000-2004","80-84",393,118264
"10010120","2005-2009","40-44",15,35913
"10010120","2005-2009","45-49",28,35895
"10010120","2005-2009","50-54",7,9767
"10010120","2005-2009","55-59",242,155199
"10010120","2005-2009","60-64",25,13240
"10010120","2005-2009","65-69",105,38916
"10010120","2005-2009","70-74",63,23520
"10010120","2005-2009","75-79",263,94416
"10010120","2005-2009","80-84",27,7543
"10010120","2010-2014","40-44",5,12976
"10010120","2010-2014","45-49",189,252194
"10010120","2010-2014","50-54",137,111781
"10010120","2010-2014","55-59",43,24201
"10010120","2010-2014","60-64",96,39086
"10010120","2010-2014","65-69",27,11264
"10010120","2010-2014","70-74",64,19434
"10010120","2010-2014","75-79",26,9919
"10010120","2010-2014","80-84",107,29292
"10010120","2015-2019","40-44",16,60860
"10010120","2015-2019","45-49",14,26941
"10010120","2015-2019","50-54",25,28698
"10010120","2015-2019","55-59",79,42308
"10010120","2015-2019","60-64",493,219218
"10010120","2015-2019","65-69",246,77243
"10010120","2015-2019","70-74",99,29269
"10010120","2015-2019","75-79",211,49752
"10010120","2015-2019","80-84",570,125201
"10010130","1995-1999","40-44",19,19914
"10010130","1995-1999","45-49",23,18025
"10010130","1995-1999","50-54",79,69662
"10010130","1995-1999","55-59",19,13877
"10010130","1995-1999","60-64",16,13549
"10010130","1995-1999","65-69",38,23299
"10010130","1995-1999","70-74",57,30317
"10010130","1995-1999","75-79",81,32689
"10010130","1995-1999","80-84",55,14889
"10010130","2000-2004","40-44",21,20701
"10010130","2000-2004","45-49",56,36269
"10010130","2000-2004","50-54",79,59016
"10010130","2000-2004","55-59",26,18344
"10010130","2000-2004","60-64",21,14508
"10010130","2000-2004","65-69",129,61195
"10010130","2000-2004","70-74",90,39069
"10010130","2000-2004","75-79",31,12104
"10010130","2000-2004","80-84",112,28135
"10010130","2005-2009","40-44",44,60094
"10010130","2005-2009","45-49",77,56209
"10010130","2005-2009","50-54",44,25445
"10010130","2005-2009","55-59",82,33253
"10010130","2005-2009","60-64",44,22252
"10010130","2005-2009","65-69",38,20203
"10010130","2005-2009","70-74",207,79299
"10010130","2005-2009","75-79",55,16188
"10010130","2005-2009","80-84",67,19735
"10010130","2010-2014","40-44",13,18097
"10010130","2010-2014","45-49",174,207066
"10010130","2010-2014","50-54",38,29023
"10010130","2010-2014","55-59",37,18668
"10010130","2010-2014","60-64",31,12253
"10010130","2010-2014","65-69",51,21584
"10010130","2010-2014","70-74",289,90436
"10010130","2010-2014","75-79",215,59292
"10010130","2010-2014","80-84",40,9615
"10010130","2015-2019","40-44",4,12094
"10010130","2015-2019","45-49",27,34007
"10010130","2015-2019","50-54",70,52318
"10010130","2015-2019","55-59",337,176797
"10010130","2015-2019","60-64",27,12293
"10010130","2015-2019","65-69",31,8615
"10010130","2015-2019","70-74",71,17060
"10010130","2015-2019","75-79",23,5048
"10010130","2015-2019","80-84",31,7813
"10010140","1995-1999","40-44",28,40879
"10010140","1995-1999","45-49",14,14125
"10010140","1995-1999","50-54",46,42836
"10010140","1995-1999","55-59",32,27246
"10010140","1995-1999","60-64",140,97754
"10010140","1995-1999","65-69",103,64181
"10010140","1995-1999","70-74",120,57708
"10010140","1995-1999","75-79",188,60843
"10010140","1995-1999","80-84",155,36346
"10010140","2000-2004","40-44",76,81689
"10010140","2000-2004","45-49",30,21463
"10010140","2000-2004","50-54",40,36184
"10010140","2000-2004","55-59",62,45156
"10010140","2000-2004","60-64",107,69719
"10010140","2000-2004","65-69",71,36965
"10010140","2000-2004","70-74",39,19378
"10010140","2000-2004","75-79",78,25270
"10010140","2000-2004","80-84",47,13595
"10010140","2005-2009","40-44",66,78656
"10010140","2005-2009","45-49",253,227321
"10010140","2005-2009","50-54",55,51051
"10010140","2005-2009","55-59",59,39015
"10010140","2005-2009","60-64",15,7204
"10010140","2005-2009","65-69",399,206635
"10010140","2005-2009","70-74",206,85460
"10010140","2005-2009","75-79",194,64876
"10010140","2005-2009","80-84",51,13642
"10010140","2010-2014","40-44",49,54529
"10010140","2010-2014","45-49",124,86695
"10010140","2010-2014","50-54",80,54184
"10010140","2010-2014","55-59",36,21120
"10010140","2010-2014","60-64",106,48934
"10010140","2010-2014","65-69",77,37758
"10010140","2010-2014","70-74",68,29353
"10010140","2010-2014","75-79",53,16032
"10010140","2010-2014","80-84",198,55793
"10010140","2015-2019","40-44",24,25997
"10010140","2015-2019","45-49",48,29424
"10010140","2015-2019","50-54",180,108260
"10010140","2015-2019","55-59",11,5783
"10010140","2015-2019","60-64",47,16713
"10010140","2015-2019","65-69",26,7245
"10010140","2015-2019","70-74",22,10699
"10010140","2015-2019","75-79",137,40939
"10010140","2015-2019","80-84",508,127361
"10010150","1995-1999","40-44",20,26856
"10010150","1995-1999","45-49",76,97361
"10010150","1995-1999","50-54",14,13875
"10010150","1995-1999","55-59",93,76663
"10010150","1995-1999","60-64",27,20909
"10010150","1995-1999","65-69",51,25668
"10010150","1995-1999","70-74",67,23635
"10010150","1995-1999","75-79",106,36620
"10010150","1995-1999","80-84",105,24501
"10010150","2000-2004","40-44",13,25888
"10010150","2000-2004","45-49",191,199215
"10010150","2000-2004","50-54",23,22553
"10010150","2000-2004","55-59",35,30831
"10010150","2000-2004","60-64",42,33405
"10010150","2000-2004","65-69",75,45186
"10010150","2000-2004","70-74",31,13157
"10010150","2000-2004","75-79",13,4148
"10010150","2000-2004","80-84",81,19515
"10010150","2005-2009","40-44",6,5668
"10010150","2005-2009","45-49",81,75806
"10010150","2005-2009","50-54",74,60663
"10010150","2005-2009","55-59",193,151039
"10010150","2005-2009","60-64",153,111255
"10010150","2005-2009","65-69",32,23373
"10010150","2005-2009","70-74",35,15774
"10010150","2005-2009","75-79",51,15535
"10010150","2005-2009","80-84",180,42182
"10010150","2010-2014","40-44",34,26967
"10010150","2010-2014","45-49",42,34306
"10010150","2010-2014","50-54",113,90926
"10010150","2010-2014","55-59",54,33451
"10010150","2010-2014","60-64",19,12317
"10010150","2010-2014","65-69",70,39019
"10010150","2010-2014","70-74",35,17801
"10010150","2010-2014","75-79",26,7263
"10010150","2010-2014","80-84",216,45636
"10010150","2015-2019","40-44",34,37305
"10010150","2015-2019","45-49",61,41887
"10010150","2015-2019","50-54",16,13888
"10010150","2015-2019","55-59",20,9063
"10010150","2015-2019","60-64",64,26421
"10010150","2015-2019","65-69",64,28569
"10010150","2015-2019","70-74",213,77676
"10010150","2015-2019","75-79",53,20015
"10010150","2015-2019","80-84",97,22922
"10010160","1995-1999","40-44",31,28324
"10010160","1995-1999","45-49",35,40888
"10010160","1995-1999","50-54",61,58220
"10010160","1995-1999","55-59",23,21417
"10010160","1995-1999","60-64",19,14240
"10010160","1995-1999","65-69",31,21460
"10010160","1995-1999","70-74",61,30671
"10010160","1995-1999","75-79",57,21939
"10010160","1995-1999","80-84",46,11510
"10010160","2000-2004","40-44",18,19359
"10010160","2000-2004","45-49",36,28141
"10010160","2000-2004","50-54",40,26056
"10010160","2000-2004","55-59",44,27352
"10010160","2000-2004","60-64",134,84671
"10010160","2000-2004","65-69",57,28420
"10010160","2000-2004","70-74",365,150933
"10010160","2000-2004","75-79",175,48688
"10010160","2000-2004","80-84",103,23926
"10010160","2005-2009","40-44",54,46761
"10010160","2005-2009","45-49",29,22338
"10010160","2005-2009","50-54",25,18876
"10010160","2005-2009","55-59",55,30142
"10010160","2005-2009","60-64",146,72580
"10010160","2005-2009","65-69",64,25182
"10010160","2005-2009","70-74",35,13418
"10010160","2005-2009","75-79",85,26964
"10010160","2005-2009","80-84",254,56659
"10010160","2010-2014","40-44",73,91092
"10010160","2010-2014","45-49",11,11607
"10010160","2010-2014","50-54",84,48368
"10010160","2010-2014","55-59",160,73146
"10010160","2010-2014","60-64",115,54797
"10010160","2010-2014","65-69",737,282155
"10010160","2010-2014","70-74",127,45846
"10010160","2010-2014","75-79",41,9989
"10010160","2010-2014","80-84",57,12175
"10010160","2015-2019","40-44",89,126562
"10010160","2015-2019","45-49",53,47464
"10010160","2015-2019","50-54",97,44708
"10010160","2015-2019","55-59",42,17123
"10010160","2015-2019","60-64",212,74811
"10010160","2015-2019","65-69",42,13570
"10010160","2015-2019","70-74",22,6131
"10010160","2015-2019","75-79",55,12470
"10010160","2015-2019","80-84",79,15389
"10010170","1995-1999","40-44",7,12726
"10010170","1995-1999","45-49",62,59101
"10010170","1995-1999","50-54",92,76962
"10010170","1995-1999","55-59",8,8381
"10010170","1995-1999","60-64",33,21662
"10010170","1995-1999","65-69",11,8604
"10010170","1995-1999","70-74",43,21093
"10010170","1995-1999","75-79",132,48270
"10010170","1995-1999","80-84",148,45580
"10010170","2000-2004","40-44",4,4981
"10010170","2000-2004","45-49",67,69445
"10010170","2000-2004","50-54",8,6910
"10010170","2000-2004","55-59",78,54347
"10010170","2000-2004","60-64",76,44538
"10010170","2000-2004","65-69",155,75794
"10010170","2000-2004","70-74",77,40590
"10010170","2000-2004","75-79",100,40022
"10010170","2000-2004","80-84",31,8036
"10010170","2005-2009","40-44",40,61235
"10010170","2005-2009","45-49",23,20891
"10010170","2005-2009","50-54",28,22691
"10010170","2005-2009","55-59",70,37906
"10010170","2005-2009","60-64",89,30900
"10010170","2005-2009","65-69",78,27571
"10010170","2005-2009","70-74",65,22753
"10010170","2005-2009","75-79",57,15998
"10010170","2005-2009","80-84",141,46747
"10010170","2010-2014","40-44",6,8478
"10010170","2010-2014","45-49",13,18451
"10010170","2010-2014","50-54",36,23718
"10010170","2010-2014","55-59",53,29511
"10010170","2010-2014","60-64",56,18875
"10010170","2010-2014","65-69",140,47371
"10010170","2010-2014","70-74",31,10940
"10010170","2010-2014","75-79",46,13889
"10010170","2010-2014","80-84",191,45185
"10010170","2015-2019","40-44",9,12778
"10010170","2015-2019","45-49",44,55585
"10010170","2015-2019","50-54",14,14831
"10010170","2015-2019","55-59",31,15998
"10010170","2015-2019","60-64",23,10049
"10010170","2015-2019","65-69",185,57266
"10010170","2015-2019","70-74",214,54529
"10010170","2015-2019","75-79",49,11155
"10010170","2015-2019","80-84",328,76629
"10010180","1995-1999","40-44",42,66332
"10010180","1995-1999","45-49",15,17832
"10010180","1995-1999","50-54",24,21615
"10010180","1995-1999","55-59",22,15492
"10010180","1995-1999","60-64",60,36726
"10010180","1995-1999","65-69",404,205257
"10010180","1995-1999","70-74",50,15985
"10010180","1995-1999","75-79",190,56407
"10010180","1995-1999","80-84",76,16036
"10010180","2000-2004","40-44",32,49092
"10010180","2000-2004","45-49",17,20146
"10010180","2000-2004","50-54",72,62484
"10010180","2000-2004","55-59",27,24778
"10010180","2000-2004","60-64",60,39830
"10010180","2000-2004","65-69",57,35059
"10010180","2000-2004","70-74",126,43989
"10010180","2000-2004","75-79",319,92600
"10010180","2000-2004","80-84",17,3639
"10010180","2005-2009","40-44",21,17874
"10010180","2005-2009","45-49",58,47942
"10010180","2005-2009","50-54",17,15513
"10010180","2005-2009","55-59",38,22908
"10010180","2005-2009","60-64",46,28815
"10010180","2005-2009","65-69",42,19007
"10010180","2005-2009","70-74",29,8236
"10010180","2005-2009","75-79",258,65666
"10010180","2005-2009","80-84",340,67963
"10010180","2010-2014","40-44",44,29763
"10010180","2010-2014","45-49",10,7557
"10010180","2010-2014","50-54",25,10597
"10010180","2010-2014","55-59",78,47030
"10010180","2010-2014","60-64",395,205842
"10010180","2010-2014","65-69",70,34407
"10010180","2010-2014","70-74",44,16181
"10010180","2010-2014","75-79",116,29841
"10010180","2010-2014","80-84",117,24176
"10010180","2015-2019","40-44",229,172817
"10010180","2015-2019","45-49",13,11241
"10010180","2015-2019","50-54",171,93394
"10010180","2015-2019","55-59",36,18116
"10010180","2015-2019","60-64",48,19067
"10010180","2015-2019","65-69",84,36161
"10010180","2015-2019","70-74",71,18692
"10010180","2015-2019","75-79",29,8576
"10010180","2015-2019","80-84",181,35131
"10020010","1995-1999","40-44",100,127416
"10020010","1995-1999","45-49",21,25158
"10020010","1995-1999","50-54",72,59691
"10020010","1995-1999","55-59",273,209759
"10020010","1995-1999","60-64",54,48061
"10020010","1995-1999","65-69",83,58245
"10020010","1995-1999","70-74",66,36104
"10020010","1995-1999","75-79",80,33858
"10020010","1995-1999","80-84",51,13172
"10020010","2000-2004","40-44",191,241278
"10020010","2000-2004","45-49",22,27500
"10020010","2000-2004","50-54",146,114648
"10020010","2000-2004","55-59",2,4478
"10020010","2000-2004","60-64",33,24603
"10020010","2000-2004","65-69",219,150538
"10020010","2000-2004","70-74",69,35323
"10020010","2000-2004","75-79",51,22283
"10020010","2000-2004","80-84",114,39067
"10020010","2005-2009","40-44",36,46915
"10020010","2005-2009","45-49",5,4420
"10020010","2005-2009","50-54",29,28879
"10020010","2005-2009","55-59",11,7029
"10020010","2005-2009","60-64",24,14171
"10020010","2005-2009","65-69",63,28311
"10020010","2005-2009","70-74",49,20781
"10020010","2005-2009","75-79",87,29763
"10020010","2005-2009","80-84",56,17091
"10020010","2010-2014","40-44",12,23802
"10020010","2010-2014","45-49",42,47118
"10020010","2010-2014","50-54",45,30764
"10020010","2010-2014","55-59",41,27870
"10020010","2010-2014","60-64",143,64321
"10020010","2010-2014","65-69",42,20415
"10020010","2010-2014","70-74",46,15359
"10020010","2010-2014","75-79",417,150570
"10020010","2010-2014","80-84",144,42755
"10020010","2015-2019","40-44",11,29201
"10020010","2015-2019","45-49",35,49232
"10020010","2015-2019","50-54",43,28278
"10020010","2015-2019","55-59",120,66176
"10020010","2015-2019","60-64",93,34661
"10020010","2015-2019","65-69",93,35850
"10020010","2015-2019","70-74",123,35956
"10020010","2015-2019","75-79",37,12982
"10020010","2015-2019","80-84",138,31493
"10020020","1995-1999","40-44",98,135663
"10020020","1995-1999","45-49",6,10306
"10020020","1995-1999","50-54",17,18487
"10020020","1995-1999","55-59",3,2097
"10020020","1995-1999","60-64",40,31322
"10020020","1995-1999","65-69",70,49995
"10020020","1995-1999","70-74",102,56171
"10020020","1995-1999","75-79",64,21310
"10020020","1995-1999","80-84",226,75046
"10020020","2000-2004","40-44",107,164698
"10020020","2000-2004","45-49",16,18644
"10020020","2000-2004","50-54",94,80495
"10020020","2000-2004","55-59",20,25724
"10020020","2000-2004","60-64",61,37669
"10020020","2000-2004","65-69",130,77917
"10020020","2000-2004","70-74",79,36311
"10020020","2000-2004","75-79",151,64840
"10020020","2000-2004","80-84",89,26812
"10020020","2005-2009","40-44",11,25629
"10020020","2005-2009","45-49",58,67804
"10020020","2005-2009","50-54",39,25555
"10020020","2005-2009","55-59",437,258769
"10020020","2005-2009","60-64",41,21389
"10020020","2005-2009","65-69",63,29022
"10020020","2005-2009","70-74",110,59008
"10020020","2005-2009","75-79",52,17190
"10020020","2005-2009","80-84",46,14421
"10020020","2010-2014","40-44",94,169298
"10020020","2010-2014","45-49",14,13545
"10020020","2010-2014","50-54",50,40745
"10020020","2010-2014","55-59",57,27556
"10020020","2010-2014","60-64",78,34888
"10020020","2010-2014","65-69",69,27454
"10020020","2010-2014","70-74",357,132917
"10020020","2010-2014","75-79",66,23392
"10020020","2010-2014","80-84",99,28365
"10020020","2015-2019","40-44",35,78064
"10020020","2015-2019","45-49",128,171656
"10020020","2015-2019","50-54",39,36146
"10020020","2015-2019","55-59",37,16996
"10020020","2015-2019","60-64",75,30518
"10020020","2015-2019","65-69",266,92534
"10020020","2015-2019","70-74",292,88446
"10020020","2015-2019","75-79",463,120134
"10020020","2015-2019","80-84",77,18083
"67000010","1995-1999","40-44",11,30055
"67000010","1995-1999","45-49",105,184470
"67000010","1995-1999","50-54",26,24404
"67000010","1995-1999","55-59",32,16840
"67000010","1995-1999","60-64",90,40371
"67000010","1995-1999","65-69",64,27446
"67000010","1995-1999","70-74",15,7865
"67000010","1995-1999","75-79",276,62971
"67000010","1995-1999","80-84",194,35136
"67000010","2000-2004","40-44",10,29789
"67000010","2000-2004","45-49",5,29148
"67000010","2000-2004","50-54",51,61380
"67000010","2000-2004","55-59",67,48814
"67000010","2000-2004","60-64",43,18767
"67000010","2000-2004","65-69",13,6814
"67000010","2000-2004","70-74",86,25871
"67000010","2000-2004","75-79",419,102975
"67000010","2000-2004","80-84",86,17281
"67000010","2005-2009","40-44",9,22418
"67000010","2005-2009","45-49",18,45967
"67000010","2005-2009","50-54",26,27197
"67000010","2005-2009","55-59",21,28759
"67000010","2005-2009","60-64",129,65688
"67000010","2005-2009","65-69",67,25164
"67000010","2005-2009","70-74",93,22706
"67000010","2005-2009","75-79",883,179602
"67000010","2005-2009","80-84",115,22324
"67000010","2010-2014","40-44",32,115248
"67000010","2010-2014","45-49",41,70017
"67000010","2010-2014","50-54",9,12853
"67000010","2010-2014","55-59",82,86801
"67000010","2010-2014","60-64",22,13374
"67000010","2010-2014","65-69",95,35193
"67000010","2010-2014","70-74",289,74648
"67000010","2010-2014","75-79",96,20634
"67000010","2010-2014","80-84",139,22092
"67000010","2015-2019","40-44",14,67941
"67000010","2015-2019","45-49",9,37860
"67000010","2015-2019","50-54",22,31638
"67000010","2015-2019","55-59",24,26352
"67000010","2015-2019","60-64",116,94319
"67000010","2015-2019","65-69",52,20856
"67000010","2015-2019","70-74",119,38732
"67000010","2015-2019","75-79",79,18150
"67000010","2015-2019","80-84",572,82843
"67000020","1995-1999","40-44",4,7171
"67000020","1995-1999","45-49",12,11701
"67000020","1995-1999","50-54",10,10690
"67000020","1995-1999","55-59",103,63471
"67000020","1995-1999","60-64",97,45272
"67000020","1995-1999","65-69",49,27606
"67000020","1995-1999","70-74",196,65876
"67000020","1995-1999","75-79",74,20532
"67000020","1995-1999","80-84",297,62647
"67000020","2000-2004","40-44",10,33922
"67000020","2000-2004","45-49",40,54257
"67000020","2000-2004","50-54",124,125365
"67000020","2000-2004","55-59",73,51861
"67000020","2000-2004","60-64",113,56916
"67000020","2000-2004","65-69",160,53944
"67000020","2000-2004","70-74",725,222087
"67000020","2000-2004","75-79",102,30109
"67000020","2000-2004","80-84",136,26336
"67000020","2005-2009","40-44",36,126163
"67000020","2005-2009","45-49",19,42386
"67000020","2005-2009","50-54",8,23010
"67000020","2005-2009","55-59",120,94314
"67000020","2005-2009","60-64",63,30774
"67000020","2005-2009","65-69",198,70417
"67000020","2005-2009","70-74",130,36394
"67000020","2005-2009","75-79",40,8314
"67000020","2005-2009","80-84",75,16537
"67000020","2010-2014","40-44",10,51236
"67000020","2010-2014","45-49",3,18211
"67000020","2010-2014","50-54",21,37636
"67000020","2010-2014","55-59",6,7098
"67000020","2010-2014","60-64",111,65740
"67000020","2010-2014","65-69",43,16619
"67000020","2010-2014","70-74",160,41813
"67000020","2010-2014","75-79",437,86193
"67000020","2010-2014","80-84",312,51281
"67000020","2015-2019","40-44",23,84564
"67000020","2015-2019","45-49",15,27684
"67000020","2015-2019","50-54",12,17204
"67000020","2015-2019","55-59",25,26783
"67000020","2015-2019","60-64",80,57354
"67000020","2015-2019","65-69",148,62080
"67000020","2015-2019","70-74",81,24507
"67000020","2015-2019","75-79",176,35788
"67000020","2015-2019","80-84",332,49820
"67000030","1995-1999","40-44",2,4901
"67000030","1995-1999","45-49",10,14238
"67000030","1995-1999","50-54",41,28204
"67000030","1995-1999","55-59",123,74641
"67000030","1995-1999","60-64",18,12203
"67000030","1995-1999","65-69",24,11915
"67000030","1995-1999","70-74",63,36368
"67000030","1995-1999","75-79",40,10511
"67000030","1995-1999","80-84",160,40712
"67000030","2000-2004","40-44",6,11003
"67000030","2000-2004","45-49",36,30642
"67000030","2000-2004","50-54",17,13946
"67000030","2000-2004","55-59",26,12689
"67000030","2000-2004","60-64",313,137303
"67000030","2000-2004","65-69",59,19458
"67000030","2000-2004","70-74",541,193235
"67000030","2000-2004","75-79",139,46478
"67000030","2000-2004","80-84",187,41747
"67000030","2005-2009","40-44",30,61038
"67000030","2005-2009","45-49",45,64757
"67000030","2005-2009","50-54",41,40889
"67000030","2005-2009","55-59",57,36739
"67000030","2005-2009","60-64",57,28554
"67000030","2005-2009","65-69",89,27536
"67000030","2005-2009","70-74",507,153349
"67000030","2005-2009","75-79",88,25001
"67000030","2005-2009","80-84",106,25792
"67000030","2010-2014","40-44",16,54490
"67000030","2010-2014","45-49",11,25249
"67000030","2010-2014","50-54",22,31061
"67000030","2010-2014","55-59",183,123210
"67000030","2010-2014","60-64",35,16680
"67000030","2010-2014","65-69",207,75288
"67000030","2010-2014","70-74",417,113923
"67000030","2010-2014","75-79",548,126334
"67000030","2010-2014","80-84",61,9128
"67000030","2015-2019","40-44",30,82443
"67000030","2015-2019","45-49",5,12121
"67000030","2015-2019","50-54",15,16900
"67000030","2015-2019","55-59",38,47212
"67000030","2015-2019","60-64",79,40143
"67000030","2015-2019","65-69",40,18862
"67000030","2015-2019","70-74",97,24335
"67000030","2015-2019","75-79",92,17347
"67000030","2015-2019","80-84",175,32728
"67000040","1995-1999","40-44",4,16420
"67000040","1995-1999","45-49",97,181227
"67000040","1995-1999","50-54",76,83190
"67000040","1995-1999","55-59",36,22395
"67000040","1995-1999","60-64",416,197493
"67000040","1995-1999","65-69",58,17092
"67000040","1995-1999","70-74",20,5826
"67000040","1995-1999","75-79",114,23950
"67000040","1995-1999","80-84",101,17120
"67000040","2000-2004","40-44",20,51682
"67000040","2000-2004","45-49",40,81930
"67000040","2000-2004","50-54",65,82487
"67000040","2000-2004","55-59",289,220187
"67000040","2000-2004","60-64",8,3528
"67000040","2000-2004","65-69",104,40766
"67000040","2000-2004","70-74",135,34329
"67000040","2000-2004","75-79",87,17600
"67000040","2000-2004","80-84",612,102960
"67000040","2005-2009","40-44",4,23675
"67000040","2005-2009","45-49",4,8981
"67000040","2005-2009","50-54",22,32572
"67000040","2005-2009","55-59",50,42627
"67000040","2005-2009","60-64",353,213782
"67000040","2005-2009","65-69",118,46897
"67000040","2005-2009","70-74",50,10358
"67000040","2005-2009","75-79",105,18844
"67000040","2005-2009","80-84",236,39014
"67000040","2010-2014","40-44",2,15071
"67000040","2010-2014","45-49",7,14240
"67000040","2010-2014","50-54",17,22682
"67000040","2010-2014","55-59",39,43443
"67000040","2010-2014","60-64",65,43642
"67000040","2010-2014","65-69",120,58754
"67000040","2010-2014","70-74",141,38581
"67000040","2010-2014","75-79",142,31243
"67000040","2010-2014","80-84",167,23040
"67000040","2015-2019","40-44",3,16221
"67000040","2015-2019","45-49",13,37220
"67000040","2015-2019","50-54",12,25601
"67000040","2015-2019","55-59",78,80262
"67000040","2015-2019","60-64",70,64168
"67000040","2015-2019","65-69",143,83804
"67000040","2015-2019","70-74",153,56205
"67000040","2015-2019","75-79",347,70234
"67000040","2015-2019","80-84",203,28497
"67000050","1995-1999","40-44",94,193142
"67000050","1995-1999","45-49",129,172569
"67000050","1995-1999","50-54",35,29677
"67000050","1995-1999","55-59",46,23119
"67000050","1995-1999","60-64",120,50395
"67000050","1995-1999","65-69",6,6447
"67000050","1995-1999","70-74",36,14427
"67000050","1995-1999","75-79",34,15517
"67000050","1995-1999","80-84",220,48895
"67000050","2000-2004","40-44",10,18834
"67000050","2000-2004","45-49",23,32505
"67000050","2000-2004","50-54",22,19369
"67000050","2000-2004","55-59",77,49388
"67000050","2000-2004","60-64",40,18604
"67000050","2000-2004","65-69",114,35781
"67000050","2000-2004","70-74",40,13636
"67000050","2000-2004","75-79",132,44607
"67000050","2000-2004","80-84",1363,319322
"67000050","2005-2009","40-44",8,16469
"67000050","2005-2009","45-49",26,43005
"67000050","2005-2009","50-54",142,150922
"67000050","2005-2009","55-59",60,34964
"67000050","2005-2009","60-64",141,68933
"67000050","2005-2009","65-69",161,51089
"67000050","2005-2009","70-74",107,30356
"67000050","2005-2009","75-79",89,23358
"67000050","2005-2009","80-84",147,37119
"67000050","2010-2014","40-44",12,32612
"67000050","2010-2014","45-49",49,104764
"67000050","2010-2014","50-54",31,30601
"67000050","2010-2014","55-59",98,73833
"67000050","2010-2014","60-64",28,18288
"67000050","2010-2014","65-69",356,117258
"67000050","2010-2014","70-74",319,83450
"67000050","2010-2014","75-79",184,40497
"67000050","2010-2014","80-84",183,33310
"67000050","2015-2019","40-44",16,52000
"67000050","2015-2019","45-49",7,17843
"67000050","2015-2019","50-54",4,7762
"67000050","2015-2019","55-59",39,36588
"67000050","2015-2019","60-64",391,222577
"67000050","2015-2019","65-69",266,92337
"67000050","2015-2019","70-74",52,12368
"67000050","2015-2019","75-79",757,153534
"67000050","2015-2019","80-84",363,56792
"67000060","1995-1999","40-44",4,13946
"67000060","1995-1999","45-49",9,17042
"67000060","1995-1999","50-54",144,131832
"67000060","1995-1999","55-59",46,28907
"67000060","1995-1999","60-64",46,23677
"67000060","1995-1999","65-69",95,46368
"67000060","1995-1999","70-74",47,16327
"67000060","1995-1999","75-79",90,25859
"67000060","1995-1999","80-84",63,11539
"67000060","2000-2004","40-44",16,47666
"67000060","2000-2004","45-49",17,22865
"67000060","2000-2004","50-54",20,15564
"67000060","2000-2004","55-59",58,39830
"67000060","2000-2004","60-64",58,26263
"67000060","2000-2004","65-69",220,84104
"67000060","2000-2004","70-74",467,136566
"67000060","2000-2004","75-79",206,56451
"67000060","2000-2004","80-84",415,79620
"67000060","2005-2009","40-44",24,70979
"67000060","2005-2009","45-49",27,37424
"67000060","2005-2009","50-54",44,57334
"67000060","2005-2009","55-59",82,63417
"67000060","2005-2009","60-64",42,20447
"67000060","2005-2009","65-69",41,15143
"67000060","2005-2009","70-74",240,56036
"67000060","2005-2009","75-79",313,71846
"67000060","2005-2009","80-84",189,36064
"67000060","2010-2014","40-44",2,12122
"67000060","2010-2014","45-49",44,68097
"67000060","2010-2014","50-54",22,20136
"67000060","2010-2014","55-59",18,12080
"67000060","2010-2014","60-64",50,26085
"67000060","2010-2014","65-69",612,229498
"67000060","2010-2014","70-74",206,54731
"67000060","2010-2014","75-79",24,5732
"67000060","2010-2014","80-84",449,74314
"67000060","2015-2019","40-44",6,23786
"67000060","2015-2019","45-49",13,39240
"67000060","2015-2019","50-54",15,30954
"67000060","2015-2019","55-59",40,51707
"67000060","2015-2019","60-64",83,43461
"67000060","2015-2019","65-69",26,11748
"67000060","2015-2019","70-74",99,25404
"67000060","2015-2019","75-79",26,5171
"67000060","2015-2019","80-84",564,87153
"67000070","1995-1999","40-44",24,59654
"67000070","1995-1999","45-49",4,12788
"67000070","1995-1999","50-54",92,97900
"67000070","1995-1999","55-59",81,49111
"67000070","1995-1999","60-64",60,28755
"67000070","1995-1999","65-69",15,6270
"67000070","1995-1999","70-74",397,125952
"67000070","1995-1999","75-79",167,39179
"67000070","1995-1999","80-84",275,47995
"67000070","2000-2004","40-44",3,18675
"67000070","2000-2004","45-49",20,53363
"67000070","2000-2004","50-54",51,68242
"67000070","2000-2004","55-59",43,26965
"67000070","2000-2004","60-64",29,14746
"67000070","2000-2004","65-69",355,119586
"67000070","2000-2004","70-74",50,11392
"67000070","2000-2004","75-79",160,38369
"67000070","2000-2004","80-84",464,80094
"67000070","2005-2009","40-44",3,18174
"67000070","2005-2009","45-49",7,22057
"67000070","2005-2009","50-54",35,40410
"67000070","2005-2009","55-59",32,23119
"67000070","2005-2009","60-64",13,6693
"67000070","2005-2009","65-69",138,54755
"67000070","2005-2009","70-74",48,10091
"67000070","2005-2009","75-79",45,8409
"67000070","2005-2009","80-84",744,134582
"67000070","2010-2014","40-44",25,71144
"67000070","2010-2014","45-49",7,19319
"67000070","2010-2014","50-54",31,47491
"67000070","2010-2014","55-59",36,41482
"67000070","2010-2014","60-64",30,20254
"67000070","2010-2014","65-69",92,38925
"67000070","2010-2014","70-74",38,9072
"67000070","2010-2014","75-79",107,23605
"67000070","2010-2014","80-84",159,23798
"67000070","2015-2019","40-44",17,60514
"67000070","2015-2019","45-49",1,8370
"67000070","2015-2019","50-54",14,30813
"67000070","2015-2019","55-59",10,9687
"67000070","2015-2019","60-64",20,17113
"67000070","2015-2019","65-69",139,66347
"67000070","2015-2019","70-74",233,73608
"67000070","2015-2019","75-79",252,56954
"67000070","2015-2019","80-84",571,82254
"67000080","1995-1999","40-44",2,4540
"67000080","1995-1999","45-49",15,26926
"67000080","1995-1999","50-54",15,24382
"67000080","1995-1999","55-59",45,31827
"67000080","1995-1999","60-64",143,62879
"67000080","1995-1999","65-69",40,18020
"67000080","1995-1999","70-74",168,45008
"67000080","1995-1999","75-79",225,49063
"67000080","1995-1999","80-84",534,90994
"67000080","2000-2004","40-44",2,19188
"67000080","2000-2004","45-49",54,121963
"67000080","2000-2004","50-54",121,169997
"67000080","2000-2004","55-59",60,45090
"67000080","2000-2004","60-64",52,32924
"67000080","2000-2004","65-69",174,68691
"67000080","2000-2004","70-74",125,31124
"67000080","2000-2004","75-79",48,10114
"67000080","2000-2004","80-84",142,25388
"67000080","2005-2009","40-44",11,54455
"67000080","2005-2009","45-49",18,26288
"67000080","2005-2009","50-54",30,45083
"67000080","2005-2009","55-59",199,199861
"67000080","2005-2009","60-64",41,25038
"67000080","2005-2009","65-69",66,22843
"67000080","2005-2009","70-74",115,30667
"67000080","2005-2009","75-79",32,7282
"67000080","2005-2009","80-84",60,11303
"67000080","2010-2014","40-44",24,74891
"67000080","2010-2014","45-49",7,25846
"67000080","2010-2014","50-54",6,10196
"67000080","2010-2014","55-59",22,32963
"67000080","2010-2014","60-64",265,204821
"67000080","2010-2014","65-69",17,9664
"67000080","2010-2014","70-74",86,24169
"67000080","2010-2014","75-79",129,24453
"67000080","2010-2014","80-84",497,70098
"67000080","2015-2019","40-44",22,53852
"67000080","2015-2019","45-49",4,10724
"67000080","2015-2019","50-54",74,134054
"67000080","2015-2019","55-59",14,13807
"67000080","2015-2019","60-64",121,93998
"67000080","2015-2019","65-69",65,37590
"67000080","2015-2019","70-74",107,38499
"67000080","2015-2019","75-79",308,71290
"67000080","2015-2019","80-84",176,25360
"67000090","1995-1999","40-44",13,53221
"67000090","1995-1999","45-49",23,43008
"67000090","1995-1999","50-54",62,59928
"67000090","1995-1999","55-59",101,63397
"67000090","1995-1999","60-64",19,11063
"67000090","1995-1999","65-69",97,35395
"67000090","1995-1999","70-74",119,32067
"67000090","1995-1999","75-79",201,40479
"67000090","1995-1999","80-84",166,25687
"67000090","2000-2004","40-44",6,28285
"67000090","2000-2004","45-49",21,40360
"67000090","2000-2004","50-54",45,47809
"67000090","2000-2004","55-59",117,99099
"67000090","2000-2004","60-64",233,126786
"67000090","2000-2004","65-69",43,15424
"67000090","2000-2004","70-74",209,52978
"67000090","2000-2004","75-79",78,15078
"67000090","2000-2004","80-84",546,84712
"67000090","2005-2009","40-44",15,35058
"67000090","2005-2009","45-49",62,172685
"67000090","2005-2009","50-54",32,37846
"67000090","2005-2009","55-59",73,73052
"67000090","2005-2009","60-64",35,22034
"67000090","2005-2009","65-69",19,7180
"67000090","2005-2009","70-74",603,156149
"67000090","2005-2009","75-79",53,12661
"67000090","2005-2009","80-84",74,10409
"67000090","2010-2014","40-44",3,7367
"67000090","2010-2014","45-49",59,175396
"67000090","2010-2014","50-54",120,218798
"67000090","2010-2014","55-59",80,92301
"67000090","2010-2014","60-64",18,12115
"67000090","2010-2014","65-69",29,10654
"67000090","2010-2014","70-74",102,32210
"67000090","2010-2014","75-79",173,37527
"67000090","2010-2014","80-84",76,11460
"67000090","2015-2019","40-44",10,31900
"67000090","2015-2019","45-49",14,36541
"67000090","2015-2019","50-54",22,44486
"67000090","2015-2019","55-59",38,37846
"67000090","2015-2019","60-64",11,15275
"67000090","2015-2019","65-69",84,43106
"67000090","2015-2019","70-74",555,200517
"67000090","2015-2019","75-79",239,54579
"67000090","2015-2019","80-84",70,9485
"67000100","1995-1999","40-44",3,22937
"67000100","1995-1999","45-49",4,9110
"67000100","1995-1999","50-54",19,18580
"67000100","1995-1999","55-59",13,7698
"67000100","1995-1999","60-64",142,86347
"67000100","1995-1999","65-69",230,77512
"67000100","1995-1999","70-74",78,19407
"67000100","1995-1999","75-79",47,10096
"67000100","1995-1999","80-84",311,47424
"67000100","2000-2004","40-44",26,79017
"67000100","2000-2004","45-49",13,27086
"67000100","2000-2004","50-54",59,99518
"67000100","2000-2004","55-59",14,12968
"67000100","2000-2004","60-64",76,46295
"67000100","2000-2004","65-69",176,59785
"67000100","2000-2004","70-74",169,40934
"67000100","2000-2004","75-79",124,24793
"67000100","2000-2004","80-84",61,9823
"67000100","2005-2009","40-44",9,42212
"67000100","2005-2009","45-49",1,5891
"67000100","2005-2009","50-54",34,40562
"67000100","2005-2009","55-59",32,40251
"67000100","2005-2009","60-64",32,19730
"67000100","2005-2009","65-69",64,24176
"67000100","2005-2009","70-74",88,25247
"67000100","2005-2009","75-79",389,77821
"67000100","2005-2009","80-84",136,22642
"67000100","2010-2014","40-44",10,31502
"67000100","2010-2014","45-49",6,18531
"67000100","2010-2014","50-54",9,21155
"67000100","2010-2014","55-59",290,414762
"67000100","2010-2014","60-64",39,37025
"67000100","2010-2014","65-69",50,32178
"67000100","2010-2014","70-74",268,96309
"67000100","2010-2014","75-79",260,54270
"67000100","2010-2014","80-84",65,10102
"67000100","2015-2019","40-44",3,32936
"67000100","2015-2019","45-49",4,12125
"67000100","2015-2019","50-54",1,9302
"67000100","2015-2019","55-59",68,114128
"67000100","2015-2019","60-64",31,30750
"67000100","2015-2019","65-69",102,66522
"67000100","2015-2019","70-74",64,27039
"67000100","2015-2019","75-79",634,152277
"67000100","2015-2019","80-84",125,22336
"67000110","1995-1999","40-44",4,21987
"67000110","1995-1999","45-49",13,29542
"67000110","1995-1999","50-54",13,19614
"67000110","1995-1999","55-59",35,25503
"67000110","1995-1999","60-64",115,46244
"67000110","1995-1999","65-69",42,16009
"67000110","1995-1999","70-74",39,13420
"67000110","1995-1999","75-79",91,18997
"67000110","1995-1999","80-84",73,12277
"67000110","2000-2004","40-44",33,102232
"67000110","2000-2004","45-49",120,211952
"67000110","2000-2004","50-54",41,42809
"67000110","2000-2004","55-59",34,36791
"67000110","2000-2004","60-64",164,75773
"67000110","2000-2004","65-69",73,26470
"67000110","2000-2004","70-74",1281,353267
"67000110","2000-2004","75-79",49,10313
"67000110","2000-2004","80-84",137,21532
"67000110","2005-2009","40-44",4,21330
"67000110","2005-2009","45-49",42,112803
"67000110","2005-2009","50-54",13,16444
"67000110","2005-2009","55-59",67,59675
"67000110","2005-2009","60-64",147,81493
"67000110","2005-2009","65-69",36,13390
"67000110","2005-2009","70-74",348,99625
"67000110","2005-2009","75-79",191,39169
"67000110","2005-2009","80-84",78,11052
"67000110","2010-2014","40-44",13,63208
"67000110","2010-2014","45-49",12,31910
"67000110","2010-2014","50-54",29,37607
"67000110","2010-2014","55-59",16,14534
"67000110","2010-2014","60-64",71,46924
"67000110","2010-2014","65-69",118,53271
"67000110","2010-2014","70-74",102,33233
"67000110","2010-2014","75-79",102,19258
"67000110","2010-2014","80-84",519,83519
"67000110","2015-2019","40-44",2,25364
"67000110","2015-2019","45-49",18,60862
"67000110","2015-2019","50-54",4,14806
"67000110","2015-2019","55-59",31,42051
"67000110","2015-2019","60-64",34,27574
"67000110","2015-2019","65-69",69,31206
"67000110","2015-2019","70-74",254,85214
"67000110","2015-2019","75-79",297,57202
"67000110","2015-2019","80-84",142,24570
"67000120","1995-1999","40-44",20,53484
"67000120","1995-1999","45-49",45,68189
"67000120","1995-1999","50-54",16,15830
"67000120","1995-1999","55-59",61,36499
"67000120","1995-1999","60-64",61,30274
"67000120","1995-1999","65-69",44,20407
"67000120","1995-1999","70-74",94,37495
"67000120","1995-1999","75-79",272,84666
"67000120","1995-1999","80-84",275,63809
"67000120","2000-2004","40-44",32,72235
"67000120","2000-2004","45-49",39,54125
"67000120","2000-2004","50-54",67,77137
"67000120","2000-2004","55-59",33,27878
"67000120","2000-2004","60-64",38,17373
"67000120","2000-2004","65-69",127,47473
"67000120","2000-2004","70-74",533,169232
"67000120","2000-2004","75-79",62,16918
"67000120","2000-2004","80-84",319,64451
"67000120","2005-2009","40-44",6,19061
"67000120","2005-2009","45-49",16,28759
"67000120","2005-2009","50-54",15,12786
"67000120","2005-2009","55-59",23,15953
"67000120","2005-2009","60-64",91,35356
"67000120","2005-2009","65-69",387,126866
"67000120","2005-2009","70-74",206,59103
"67000120","2005-2009","75-79",436,112117
"67000120","2005-2009","80-84",128,23009
"67000120","2010-2014","40-44",16,57319
"67000120","2010-2014","45-49",66,142517
"67000120","2010-2014","50-54",106,160923
"67000120","2010-2014","55-59",36,23273
"67000120","2010-2014","60-64",49,26069
"67000120","2010-2014","65-69",84,35366
"67000120","2010-2014","70-74",126,34317
"67000120","2010-2014","75-79",235,44960
"67000120","2010-2014","80-84",118,21633
"67000120","2015-2019","40-44",9,24658
"67000120","2015-2019","45-49",29,54116
"67000120","2015-2019","50-54",34,61316
"67000120","2015-2019","55-59",44,40408
"67000120","2015-2019","60-64",50,30670
"67000120","2015-2019","65-69",66,31789
"67000120","2015-2019","70-74",183,48365
"67000120","2015-2019","75-79",454,95299
"67000120","2015-2019","80-84",415,67269
"67000130","1995-1999","40-44",25,38172
"67000130","1995-1999","45-49",103,144743
"67000130","1995-1999","50-54",57,43984
"67000130","1995-1999","55-59",32,16840
"67000130","1995-1999","60-64",47,19968
"67000130","1995-1999","65-69",24,9702
"67000130","1995-1999","70-74",131,53929
"67000130","1995-1999","75-79",35,9371
"67000130","1995-1999","80-84",283,60935
"67000130","2000-2004","40-44",4,16733
"67000130","2000-2004","45-49",30,42525
"67000130","2000-2004","50-54",105,89789
"67000130","2000-2004","55-59",11,7408
"67000130","2000-2004","60-64",102,46993
"67000130","2000-2004","65-69",63,23799
"67000130","2000-2004","70-74",74,25037
"67000130","2000-2004","75-79",141,39945
"67000130","2000-2004","80-84",144,33075
"67000130","2005-2009","40-44",28,67593
"67000130","2005-2009","45-49",14,38710
"67000130","2005-2009","50-54",57,64310
"67000130","2005-2009","55-59",154,101983
"67000130","2005-2009","60-64",131,59536
"67000130","2005-2009","65-69",35,11819
"67000130","2005-2009","70-74",217,57301
"67000130","2005-2009","75-79",236,55489
"67000130","2005-2009","80-84",544,118980
"67000130","2010-2014","40-44",36,130857
"67000130","2010-2014","45-49",5,10274
"67000130","2010-2014","50-54",29,34979
"67000130","2010-2014","55-59",40,29074
"67000130","2010-2014","60-64",57,28335
"67000130","2010-2014","65-69",53,13170
"67000130","2010-2014","70-74",137,40867
"67000130","2010-2014","75-79",453,88745
"67000130","2010-2014","80-84",1610,295780
"67000130","2015-2019","40-44",6,18667
"67000130","2015-2019","45-49",13,38609
"67000130","2015-2019","50-54",10,18916
"67000130","2015-2019","55-59",35,34340
"67000130","2015-2019","60-64",158,91141
"67000130","2015-2019","65-69",106,34788
"67000130","2015-2019","70-74",176,48396
"67000130","2015-2019","75-79",176,34538
"67000130","2015-2019","80-84",46,7382
"67000140","1995-1999","40-44",23,47904
"67000140","1995-1999","45-49",17,31612
"67000140","1995-1999","50-54",32,29433
"67000140","1995-1999","55-59",24,13294
"67000140","1995-1999","60-64",95,46848
"67000140","1995-1999","65-69",62,25621
"67000140","1995-1999","70-74",21,12675
"67000140","1995-1999","75-79",38,11340
"67000140","1995-1999","80-84",189,40643
"67000140","2000-2004","40-44",9,30794
"67000140","2000-2004","45-49",14,29934
"67000140","2000-2004","50-54",352,351752
"67000140","2000-2004","55-59",133,90404
"67000140","2000-2004","60-64",116,53788
"67000140","2000-2004","65-69",163,58695
"67000140","2000-2004","70-74",54,15809
"67000140","2000-2004","75-79",79,22125
"67000140","2000-2004","80-84",80,16170
"67000140","2005-2009","40-44",10,29407
"67000140","2005-2009","45-49",22,36409
"67000140","2005-2009","50-54",54,63567
"67000140","2005-2009","55-59",17,11302
"67000140","2005-2009","60-64",89,41617
"67000140","2005-2009","65-69",58,18118
"67000140","2005-2009","70-74",60,17875
"67000140","2005-2009","75-79",95,21403
"67000140","2005-2009","80-84",40,8130
"67000140","2010-2014","40-44",17,58208
"67000140","2010-2014","45-49",3,8562
"67000140","2010-2014","50-54",30,47781
"67000140","2010-2014","55-59",17,16720
"67000140","2010-2014","60-64",214,104821
"67000140","2010-2014","65-69",135,46919
"67000140","2010-2014","70-74",86,26699
"67000140","2010-2014","75-79",262,55435
"67000140","2010-2014","80-84",877,152090
"67000140","2015-2019","40-44",9,44629
"67000140","2015-2019","45-49",2,12606
"67000140","2015-2019","50-54",20,30600
"67000140","2015-2019","55-59",36,32500
"67000140","2015-2019","60-64",39,23819
"67000140","2015-2019","65-69",364,145718
"67000140","2015-2019","70-74",96,27260
"67000140","2015-2019","75-79",204,37428
"67000140","2015-2019","80-84",36,5114
"67000150","1995-1999","40-44",7,7338
"67000150","1995-1999","45-49",67,78614
"67000150","1995-1999","50-54",50,47123
"67000150","1995-1999","55-59",51,48688
"67000150","1995-1999","60-64",174,117726
"67000150","1995-1999","65-69",481,295242
"67000150","1995-1999","70-74",83,47111
"67000150","1995-1999","75-79",92,35744
"67000150","1995-1999","80-84",222,63386
"67000150","2000-2004","40-44",17,34487
"67000150","2000-2004","45-49",99,107784
"67000150","2000-2004","50-54",71,55222
"67000150","2000-2004","55-59",112,77979
"67000150","2000-2004","60-64",70,44054
"67000150","2000-2004","65-69",97,45934
"67000150","2000-2004","70-74",42,23083
"67000150","2000-2004","75-79",38,21860
"67000150","2000-2004","80-84",115,38790
"67000150","2005-2009","40-44",76,171501
"67000150","2005-2009","45-49",10,17525
"67000150","2005-2009","50-54",22,30042
"67000150","2005-2009","55-59",58,37192
"67000150","2005-2009","60-64",80,39843
"67000150","2005-2009","65-69",134,55303
"67000150","2005-2009","70-74",89,30511
"67000150","2005-2009","75-79",133,40091
"67000150","2005-2009","80-84",354,100669
"67000150","2010-2014","40-44",3,25754
"67000150","2010-2014","45-49",33,61151
"67000150","2010-2014","50-54",67,56055
"67000150","2010-2014","55-59",9,7314
"67000150","2010-2014","60-64",79,31708
"67000150","2010-2014","65-69",33,10663
"67000150","2010-2014","70-74",139,37739
"67000150","2010-2014","75-79",248,73141
"67000150","2010-2014","80-84",119,32299
"67000150","2015-2019","40-44",5,19721
"67000150","2015-2019","45-49",21,31952
"67000150","2015-2019","50-54",77,77214
"67000150","2015-2019","55-59",18,13513
"67000150","2015-2019","60-64",33,15257
"67000150","2015-2019","65-69",105,33521
"67000150","2015-2019","70-74",164,49479
"67000150","2015-2019","75-79",140,38181
"67000150","2015-2019","80-84",77,15851
"67000160","1995-1999","40-44",10,15067
"67000160","1995-1999","45-49",183,193146
"67000160","1995-1999","50-54",45,40512
"67000160","1995-1999","55-59",109,61042
"67000160","1995-1999","60-64",18,14453
"67000160","1995-1999","65-69",80,41401
"67000160","1995-1999","70-74",71,32641
"67000160","1995-1999","75-79",36,14289
"67000160","1995-1999","80-84",259,68635
"67000160","2000-2004","40-44",53,107704
"67000160","2000-2004","45-49",22,25366
"67000160","2000-2004","50-54",251,189117
"67000160","2000-2004","55-59",18,14750
"67000160","2000-2004","60-64",75,43420
"67000160","2000-2004","65-69",119,44600
"67000160","2000-2004","70-74",179,68240
"67000160","2000-2004","75-79",78,32554
"67000160","2000-2004","80-84",65,22840
"67000160","2005-2009","40-44",10,31067
"67000160","2005-2009","45-49",20,28599
"67000160","2005-2009","50-54",11,10932
"67000160","2005-2009","55-59",81,62648
"67000160","2005-2009","60-64",111,66107
"67000160","2005-2009","65-69",284,105329
"67000160","2005-2009","70-74",32,13009
"67000160","2005-2009","75-79",62,16262
"67000160","2005-2009","80-84",481,126939
"67000160","2010-2014","40-44",65,160847
"67000160","2010-2014","45-49",57,99403
"67000160","2010-2014","50-54",151,162271
"67000160","2010-2014","55-59",14,11919
"67000160","2010-2014","60-64",131,77084
"67000160","2010-2014","65-69",313,115715
"67000160","2010-2014","70-74",98,23111
"67000160","2010-2014","75-79",94,24576
"67000160","2010-2014","80-84",161,31061
"67000160","2015-2019","40-44",2,9790
"67000160","2015-2019","45-49",10,16488
"67000160","2015-2019","50-54",17,21236
"67000160","2015-2019","55-59",10,9673
"67000160","2015-2019","60-64",58,27498
"67000160","2015-2019","65-69",53,20484
"67000160","2015-2019","70-74",182,47890
"67000160","2015-2019","75-79",759,159447
"67000160","2015-2019","80-84",363,62943
"67000170","1995-1999","40-44",32,56993
"67000170","1995-1999","45-49",61,63209
"67000170","1995-1999","50-54",68,64438
"67000170","1995-1999","55-59",61,53546
"67000170","1995-1999","60-64",24,16634
"67000170","1995-1999","65-69",74,38566
"67000170","1995-1999","70-74",217,100009
"67000170","1995-1999","75-79",35,14819
"67000170","1995-1999","80-84",548,150468
"67000170","2000-2004","40-44",51,101987
"67000170","2000-2004","45-49",28,31261
"67000170","2000-2004","50-54",47,35148
"67000170","2000-2004","55-59",46,24826
"67000170","2000-2004","60-64",51,25390
"67000170","2000-2004","65-69",144,59517
"67000170","2000-2004","70-74",26,9924
"67000170","2000-2004","75-79",458,167266
"67000170","2000-2004","80-84",125,31187
"67000170","2005-2009","40-44",16,29220
"67000170","2005-2009","45-49",8,8322
"67000170","2005-2009","50-54",42,51155
"67000170","2005-2009","55-59",152,103975
"67000170","2005-2009","60-64",50,24505
"67000170","2005-2009","65-69",441,170427
"67000170","2005-2009","70-74",77,26421
"67000170","2005-2009","75-79",348,112723
"67000170","2005-2009","80-84",570,165378
"67000170","2010-2014","40-44",6,25923
"67000170","2010-2014","45-49",13,31056
"67000170","2010-2014","50-54",65,59405
"67000170","2010-2014","55-59",48,31361
"67000170","2010-2014","60-64",31,15541
"67000170","2010-2014","65-69",65,25277
"67000170","2010-2014","70-74",89,31308
"67000170","2010-2014","75-79",83,25911
"67000170","2010-2014","80-84",62,14183
"67000170","2015-2019","40-44",19,40775
"67000170","2015-2019","45-49",10,30851
"67000170","2015-2019","50-54",25,32355
"67000170","2015-2019","55-59",49,51732
"67000170","2015-2019","60-64",104,56478
"67000170","2015-2019","65-69",128,38104
"67000170","2015-2019","70-74",555,157158
"67000170","2015-2019","75-79",53,12418
"67000170","2015-2019","80-84",139,24069
"67000180","1995-1999","40-44",14,34564
"67000180","1995-1999","45-49",101,144245
"67000180","1995-1999","50-54",35,30202
"67000180","1995-1999","55-59",148,94280
"67000180","1995-1999","60-64",104,47280
"67000180","1995-1999","65-69",532,259157
"67000180","1995-1999","70-74",26,15264
"67000180","1995-1999","75-79",39,11170
"67000180","1995-1999","80-84",364,89705
"67000180","2000-2004","40-44",4,17182
"67000180","2000-2004","45-49",69,84249
"67000180","2000-2004","50-54",20,17625
"67000180","2000-2004","55-59",125,67604
"67000180","2000-2004","60-64",44,19236
"67000180","2000-2004","65-69",73,31060
"67000180","2000-2004","70-74",245,86208
"67000180","2000-2004","75-79",27,10051
"67000180","2000-2004","80-84",1001,242223
"67000180","2005-2009","40-44",53,118553
"67000180","2005-2009","45-49",41,74701
"67000180","2005-2009","50-54",43,34801
"67000180","2005-2009","55-59",262,180831
"67000180","2005-2009","60-64",248,126074
"67000180","2005-2009","65-69",63,20947
"67000180","2005-2009","70-74",66,22293
"67000180","2005-2009","75-79",488,133651
"67000180","2005-2009","80-84",136,30213
"67000180","2010-2014","40-44",2,18646
"67000180","2010-2014","45-49",6,17568
"67000180","2010-2014","50-54",49,72914
"67000180","2010-2014","55-59",12,10747
"67000180","2010-2014","60-64",11,6339
"67000180","2010-2014","65-69",68,25868
"67000180","2010-2014","70-74",109,30721
"67000180","2010-2014","75-79",399,89421
"67000180","2010-2014","80-84",494,90665
"67000180","2015-2019","40-44",11,33231
"67000180","2015-2019","45-49",4,6703
"67000180","2015-2019","50-54",22,40604
"67000180","2015-2019","55-59",32,23798
"67000180","2015-2019","60-64",115,67695
"67000180","2015-2019","65-69",63,29764
"67000180","2015-2019","70-74",53,16263
"67000180","2015-2019","75-79",42,7205
"67000180","2015-2019","80-84",61,7854
"67000190","1995-1999","40-44",11,21325
"67000190","1995-1999","45-49",25,37618
"67000190","1995-1999","50-54",28,34931
"67000190","1995-1999","55-59",55,33732
"67000190","1995-1999","60-64",54,20377
"67000190","1995-1999","65-69",62,21341
"67000190","1995-1999","70-74",208,62728
"67000190","1995-1999","75-79",22,6759
"67000190","1995-1999","80-84",3780,608537
"67000190","2000-2004","40-44",6,35185
"67000190","2000-2004","45-49",9,19710
"67000190","2000-2004","50-54",17,20423
"67000190","2000-2004","55-59",11,15287
"67000190","2000-2004","60-64",51,25196
"67000190","2000-2004","65-69",130,46904
"67000190","2000-2004","70-74",676,184092
"67000190","2000-2004","75-79",40,7907
"67000190","2000-2004","80-84",67,11562
"67000190","2005-2009","40-44",16,53567
"67000190","2005-2009","45-49",36,95780
"67000190","2005-2009","50-54",13,14267
"67000190","2005-2009","55-59",149,142469
"67000190","2005-2009","60-64",35,17367
"67000190","2005-2009","65-69",234,89759
"67000190","2005-2009","70-74",198,53425
"67000190","2005-2009","75-79",1853,350792
"67000190","2005-2009","80-84",297,47408
"67000190","2010-2014","40-44",7,27592
"67000190","2010-2014","45-49",14,23046
"67000190","2010-2014","50-54",5,10096
"67000190","2010-2014","55-59",4,5190
"67000190","2010-2014","60-64",23,12740
"67000190","2010-2014","65-69",112,56810
"67000190","2010-2014","70-74",481,141521
"67000190","2010-2014","75-79",173,35369
"67000190","2010-2014","80-84",138,22105
"67000190","2015-2019","40-44",4,16791
"67000190","2015-2019","45-49",11,50110
"67000190","2015-2019","50-54",19,36368
"67000190","2015-2019","55-59",34,50889
"67000190","2015-2019","60-64",43,32146
"67000190","2015-2019","65-69",352,183384
"67000190","2015-2019","70-74",408,151290
"67000190","2015-2019","75-79",115,23976
"67000190","2015-2019","80-84",161,29791
"67000200","1995-1999","40-44",13,26246
"67000200","1995-1999","45-49",33,44249
"67000200","1995-1999","50-54",189,157519
"67000200","1995-1999","55-59",46,25956
"67000200","1995-1999","60-64",30,15393
"67000200","1995-1999","65-69",95,42177
"67000200","1995-1999","70-74",40,13062
"67000200","1995-1999","75-79",93,21993
"67000200","1995-1999","80-84",252,53121
"67000200","2000-2004","40-44",22,65381
"67000200","2000-2004","45-49",19,25096
"67000200","2000-2004","50-54",155,170083
"67000200","2000-2004","55-59",88,47815
"67000200","2000-2004","60-64",246,126562
"67000200","2000-2004","65-69",127,52304
"67000200","2000-2004","70-74",478,146458
"67000200","2000-2004","75-79",126,32507
"67000200","2000-2004","80-84",257,51591
"67000200","2005-2009","40-44",15,83071
"67000200","2005-2009","45-49",47,89751
"67000200","2005-2009","50-54",66,89173
"67000200","2005-2009","55-59",14,10380
"67000200","2005-2009","60-64",221,106176
"67000200","2005-2009","65-69",29,10537
"67000200","2005-2009","70-74",287,74235
"67000200","2005-2009","75-79",467,102652
"67000200","2005-2009","80-84",284,51628
"67000200","2010-2014","40-44",9,39661
"67000200","2010-2014","45-49",3,8338
"67000200","2010-2014","50-54",28,27161
"67000200","2010-2014","55-59",14,13570
"67000200","2010-2014","60-64",148,92179
"67000200","2010-2014","65-69",107,44264
"67000200","2010-2014","70-74",217,52097
"67000200","2010-2014","75-79",106,21289
"67000200","2010-2014","80-84",101,16865
"67000200","2015-2019","40-44",9,25327
"67000200","2015-2019","45-49",33,93336
"67000200","2015-2019","50-54",17,30144
"67000200","2015-2019","55-59",127,163674
"67000200","2015-2019","60-64",13,14649
"67000200","2015-2019","65-69",247,105213
"67000200","2015-2019","70-74",58,16724
"67000200","2015-2019","75-79",30,6990
"67000200","2015-2019","80-84",751,116543
"67000210","1995-1999","40-44",14,33520
"67000210","1995-1999","45-49",60,75227
"67000210","1995-1999","50-54",40,34845
"67000210","1995-1999","55-59",61,43839
"67000210","1995-1999","60-64",24,10954
"67000210","1995-1999","65-69",67,26759
"67000210","1995-1999","70-74",52,19227
"67000210","1995-1999","75-79",122,33314
"67000210","1995-1999","80-84",607,132023
"67000210","2000-2004","40-44",64,139506
"67000210","2000-2004","45-49",6,12898
"67000210","2000-2004","50-54",19,18893
"67000210","2000-2004","55-59",45,35053
"67000210","2000-2004","60-64",47,16567
"67000210","2000-2004","65-69",311,116304
"67000210","2000-2004","70-74",57,20693
"67000210","2000-2004","75-79",217,64638
"67000210","2000-2004","80-84",83,16665
"67000210","2005-2009","40-44",16,51049
"67000210","2005-2009","45-49",51,85825
"67000210","2005-2009","50-54",17,16403
"67000210","2005-2009","55-59",141,100563
"67000210","2005-2009","60-64",99,54167
"67000210","2005-2009","65-69",385,138074
"67000210","2005-2009","70-74",343,95044
"67000210","2005-2009","75-79",256,61996
"67000210","2005-2009","80-84",172,34108
"67000210","2010-2014","40-44",9,32548
"67000210","2010-2014","45-49",11,30386
"67000210","2010-2014","50-54",14,24040
"67000210","2010-2014","55-59",31,27612
"67000210","2010-2014","60-64",12,14588
"67000210","2010-2014","65-69",87,32950
"67000210","2010-2014","70-74",138,39919
"67000210","2010-2014","75-79",126,26157
"67000210","2010-2014","80-84",213,37648
"67000210","2015-2019","40-44",11,23188
"67000210","2015-2019","45-49",11,38471
"67000210","2015-2019","50-54",9,10482
"67000210","2015-2019","55-59",88,97914
"67000210","2015-2019","60-64",26,21999
"67000210","2015-2019","65-69",106,42219
"67000210","2015-2019","70-74",172,52567
"67000210","2015-2019","75-79",117,24686
"67000210","2015-2019","80-84",500,75340
"67000220","1995-1999","40-44",10,32797
"67000220","1995-1999","45-49",15,22548
"67000220","1995-1999","50-54",33,25114
"67000220","1995-1999","55-59",29,20602
"67000220","1995-1999","60-64",49,20340
"67000220","1995-1999","65-69",48,16172
"67000220","1995-1999","70-74",46,12160
"67000220","1995-1999","75-79",103,24438
"67000220","1995-1999","80-84",413,73688
"67000220","2000-2004","40-44",10,37040
"67000220","2000-2004","45-49",27,58443
"67000220","2000-2004","50-54",28,22930
"67000220","2000-2004","55-59",90,65308
"67000220","2000-2004","60-64",127,56325
"67000220","2000-2004","65-69",204,62382
"67000220","2000-2004","70-74",222,63834
"67000220","2000-2004","75-79",203,50627
"67000220","2000-2004","80-84",177,30187
"67000220","2005-2009","40-44",12,36724
"67000220","2005-2009","45-49",17,36523
"67000220","2005-2009","50-54",20,24832
"67000220","2005-2009","55-59",11,7303
"67000220","2005-2009","60-64",147,74276
"67000220","2005-2009","65-69",21,8252
"67000220","2005-2009","70-74",318,90811
"67000220","2005-2009","75-79",82,16070
"67000220","2005-2009","80-84",658,127043
"67000220","2010-2014","40-44",15,65117
"67000220","2010-2014","45-49",34,75053
"67000220","2010-2014","50-54",52,93749
"67000220","2010-2014","55-59",35,41269
"67000220","2010-2014","60-64",68,34860
"67000220","2010-2014","65-69",110,39296
"67000220","2010-2014","70-74",21,6505
"67000220","2010-2014","75-79",177,32883
"67000220","2010-2014","80-84",95,14396
"67000220","2015-2019","40-44",5,31552
"67000220","2015-2019","45-49",4,19454
"67000220","2015-2019","50-54",96,178854
"67000220","2015-2019","55-59",24,24658
"67000220","2015-2019","60-64",97,62494
"67000220","2015-2019","65-69",16,8407
"67000220","2015-2019","70-74",95,25561
"67000220","2015-2019","75-79",382,71154
"67000220","2015-2019","80-84",153,24122
"67000230","1995-1999","40-44",16,24982
"67000230","1995-1999","45-49",161,223652
"67000230","1995-1999","50-54",26,24895
"67000230","1995-1999","55-59",38,17346
"67000230","1995-1999","60-64",78,45686
"67000230","1995-1999","65-69",136,57578
"67000230","1995-1999","70-74",167,62612
"67000230","1995-1999","75-79",4,1934
"67000230","1995-1999","80-84",75,15894
"67000230","2000-2004","40-44",51,109073
"67000230","2000-2004","45-49",23,28309
"67000230","2000-2004","50-54",16,15174
"67000230","2000-2004","55-59",73,51719
"67000230","2000-2004","60-64",84,44994
"67000230","2000-2004","65-69",118,53756
"67000230","2000-2004","70-74",22,7500
"67000230","2000-2004","75-79",380,112134
"67000230","2000-2004","80-84",81,22900
"67000230","2005-2009","40-44",15,41404
"67000230","2005-2009","45-49",17,22630
"67000230","2005-2009","50-54",28,39218
"67000230","2005-2009","55-59",33,17738
"67000230","2005-2009","60-64",52,22284
"67000230","2005-2009","65-69",46,17441
"67000230","2005-2009","70-74",112,34377
"67000230","2005-2009","75-79",73,17351
"67000230","2005-2009","80-84",35,10861
"67000230","2010-2014","40-44",8,47141
"67000230","2010-2014","45-49",11,18803
"67000230","2010-2014","50-54",16,27434
"67000230","2010-2014","55-59",41,35182
"67000230","2010-2014","60-64",108,56208
"67000230","2010-2014","65-69",127,49948
"67000230","2010-2014","70-74",76,25158
"67000230","2010-2014","75-79",32,6894
"67000230","2010-2014","80-84",327,57127
"67000230","2015-2019","40-44",10,30873
"67000230","2015-2019","45-49",9,13956
"67000230","2015-2019","50-54",3,7362
"67000230","2015-2019","55-59",15,17300
"67000230","2015-2019","60-64",102,55210
"67000230","2015-2019","65-69",98,36622
"67000230","2015-2019","70-74",86,23811
"67000230","2015-2019","75-79",196,36316
"67000230","2015-2019","80-84",72,13475
"67000240","1995-1999","40-44",24,35478
"67000240","1995-1999","45-49",22,29778
"67000240","1995-1999","50-54",22,14233
"67000240","1995-1999","55-59",57,27350
"67000240","1995-1999","60-64",106,49532
"67000240","1995-1999","65-69",204,94077
"67000240","1995-1999","70-74",131,53083
"67000240","1995-1999","75-79",65,17748
"67000240","1995-1999","80-84",204,45895
"67000240","2000-2004","40-44",18,38006
"67000240","2000-2004","45-49",38,31295
"67000240","2000-2004","50-54",15,10232
"67000240","2000-2004","55-59",35,18207
"67000240","2000-2004","60-64",71,32729
"67000240","2000-2004","65-69",106,36910
"67000240","2000-2004","70-74",122,47146
"67000240","2000-2004","75-79",59,17581
"67000240","2000-2004","80-84",18,7343
"67000240","2005-2009","40-44",6,15516
"67000240","2005-2009","45-49",16,33470
"67000240","2005-2009","50-54",40,35304
"67000240","2005-2009","55-59",54,35050
"67000240","2005-2009","60-64",65,29999
"67000240","2005-2009","65-69",90,26939
"67000240","2005-2009","70-74",45,11585
"67000240","2005-2009","75-79",56,17389
"67000240","2005-2009","80-84",209,52810
"67000240","2010-2014","40-44",9,32354
"67000240","2010-2014","45-49",21,46994
"67000240","2010-2014","50-54",46,43386
"67000240","2010-2014","55-59",9,9643
"67000240","2010-2014","60-64",232,111560
"67000240","2010-2014","65-69",62,21518
"67000240","2010-2014","70-74",40,9181
"67000240","2010-2014","75-79",139,31372
"67000240","2010-2014","80-84",158,31868
"67000240","2015-2019","40-44",23,111141
"67000240","2015-2019","45-49",6,14638
"67000240","2015-2019","50-54",68,105412
"67000240","2015-2019","55-59",27,26649
"67000240","2015-2019","60-64",77,50940
"67000240","2015-2019","65-69",17,9679
"67000240","2015-2019","70-74",229,60104
"67000240","2015-2019","75-79",259,52976
"67000240","2015-2019","80-84",366,60021
"67000250","1995-1999","40-44",5,5447
"67000250","1995-1999","45-49",5,4443
"67000250","1995-1999","50-54",82,58267
"67000250","1995-1999","55-59",66,58385
"67000250","1995-1999","60-64",138,92313
"67000250","1995-1999","65-69",22,13038
"67000250","1995-1999","70-74",47,16785
"67000250","1995-1999","75-79",128,45754
"67000250","1995-1999","80-84",94,27015
"67000250","2000-2004","40-44",38,61050
"67000250","2000-2004","45-49",36,42561
"67000250","2000-2004","50-54",33,25394
"67000250","2000-2004","55-59",20,11343
"67000250","2000-2004","60-64",75,41630
"67000250","2000-2004","65-69",60,31003
"67000250","2000-2004","70-74",24,10663
"67000250","2000-2004","75-79",97,32042
"67000250","2000-2004","80-84",271,78301
"67000250","2005-2009","40-44",29,78226
"67000250","2005-2009","45-49",17,12979
"67000250","2005-2009","50-54",60,63995
"67000250","2005-2009","55-59",17,19218
"67000250","2005-2009","60-64",29,16467
"67000250","2005-2009","65-69",119,50435
"67000250","2005-2009","70-74",55,17388
"67000250","2005-2009","75-79",32,8844
"67000250","2005-2009","80-84",81,27388
"67000250","2010-2014","40-44",28,72551
"67000250","2010-2014","45-49",25,37822
"67000250","2010-2014","50-54",32,31114
"67000250","2010-2014","55-59",28,21498
"67000250","2010-2014","60-64",62,26461
"67000250","2010-2014","65-69",133,40659
"67000250","2010-2014","70-74",21,6521
"67000250","2010-2014","75-79",48,11968
"67000250","2010-2014","80-84",132,31165
"67000250","2015-2019","40-44",9,41811
"67000250","2015-2019","45-49",12,13235
"67000250","2015-2019","50-54",14,17651
"67000250","2015-2019","55-59",22,19161
"67000250","2015-2019","60-64",99,47860
"67000250","2015-2019","65-69",766,249042
"67000250","2015-2019","70-74",184,48825
"67000250","2015-2019","75-79",142,35382
"67000250","2015-2019","80-84",138,31223
"67000260","1995-1999","40-44",14,28349
"67000260","1995-1999","45-49",35,28107
"67000260","1995-1999","50-54",18,11465
"67000260","1995-1999","55-59",175,109788
"67000260","1995-1999","60-64",46,25244
"67000260","1995-1999","65-69",48,28331
"67000260","1995-1999","70-74",161,68893
"67000260","1995-1999","75-79",199,67429
"67000260","1995-1999","80-84",153,45505
"67000260","2000-2004","40-44",24,36425
"67000260","2000-2004","45-49",32,30630
"67000260","2000-2004","50-54",37,27568
"67000260","2000-2004","55-59",51,31682
"67000260","2000-2004","60-64",27,13224
"67000260","2000-2004","65-69",142,52554
"67000260","2000-2004","70-74",29,10907
"67000260","2000-2004","75-79",207,70223
"67000260","2000-2004","80-84",83,21374
"67000260","2005-2009","40-44",7,17095
"67000260","2005-2009","45-49",70,107990
"67000260","2005-2009","50-54",43,55318
"67000260","2005-2009","55-59",16,12684
"67000260","2005-2009","60-64",71,31234
"67000260","2005-2009","65-69",219,81935
"67000260","2005-2009","70-74",52,12459
"67000260","2005-2009","75-79",170,52147
"67000260","2005-2009","80-84",109,28488
"67000260","2010-2014","40-44",17,45568
"67000260","2010-2014","45-49",40,66094
"67000260","2010-2014","50-54",76,83077
"67000260","2010-2014","55-59",65,43193
"67000260","2010-2014","60-64",139,60403
"67000260","2010-2014","65-69",85,31661
"67000260","2010-2014","70-74",91,27744
"67000260","2010-2014","75-79",395,88154
"67000260","2010-2014","80-84",36,7152
"67000260","2015-2019","40-44",19,47819
"67000260","2015-2019","45-49",60,94276
"67000260","2015-2019","50-54",57,88207
"67000260","2015-2019","55-59",16,11343
"67000260","2015-2019","60-64",36,18682
"67000260","2015-2019","65-69",29,10161
"67000260","2015-2019","70-74",196,47533
"67000260","2015-2019","75-79",145,27780
"67000260","2015-2019","80-84",244,46468
"67000270","1995-1999","40-44",37,45727
"67000270","1995-1999","45-49",62,83880
"67000270","1995-1999","50-54",24,31496
"67000270","1995-1999","55-59",18,22059
"67000270","1995-1999","60-64",25,16459
"67000270","1995-1999","65-69",19,18092
"67000270","1995-1999","70-74",12,8644
"67000270","1995-1999","75-79",52,25411
"67000270","1995-1999","80-84",86,27047
"67000270","2000-2004","40-44",4,19555
"67000270","2000-2004","45-49",66,64724
"67000270","2000-2004","50-54",79,64140
"67000270","2000-2004","55-59",10,6568
"67000270","2000-2004","60-64",63,35869
"67000270","2000-2004","65-69",35,15944
"67000270","2000-2004","70-74",73,35655
"67000270","2000-2004","75-79",86,37908
"67000270","2000-2004","80-84",230,73708
"67000270","2005-2009","40-44",28,48513
"67000270","2005-2009","45-49",137,135213
"67000270","2005-2009","50-54",108,96621
"67000270","2005-2009","55-59",92,56233
"67000270","2005-2009","60-64",31,18871
"67000270","2005-2009","65-69",94,48433
"67000270","2005-2009","70-74",47,21196
"67000270","2005-2009","75-79",56,20000
"67000270","2005-2009","80-84",253,86896
"67000270","2010-2014","40-44",47,87717
"67000270","2010-2014","45-49",32,44049
"67000270","2010-2014","50-54",61,58799
"67000270","2010-2014","55-59",99,55839
"67000270","2010-2014","60-64",35,17802
"67000270","2010-2014","65-69",170,70297
"67000270","2010-2014","70-74",128,48571
"67000270","2010-2014","75-79",208,68256
"67000270","2010-2014","80-84",109,31132
"67000270","2015-2019","40-44",22,45072
"67000270","2015-2019","45-49",53,66885
"67000270","2015-2019","50-54",26,24106
"67000270","2015-2019","55-59",57,33994
"67000270","2015-2019","60-64",34,16918
"67000270","2015-2019","65-69",48,17859
"67000270","2015-2019","70-74",170,52813
"67000270","2015-2019","75-79",177,46126
"67000270","2015-2019","80-84",694,177006
"67000280","1995-1999","40-44",16,30654
"67000280","1995-1999","45-49",81,85076
"67000280","1995-1999","50-54",34,27438
"67000280","1995-1999","55-59",6,7028
"67000280","1995-1999","60-64",96,90143
"67000280","1995-1999","65-69",131,85909
"67000280","1995-1999","70-74",64,36609
"67000280","1995-1999","75-79",62,30240
"67000280","1995-1999","80-84",721,232905
"67000280","2000-2004","40-44",89,138018
"67000280","2000-2004","45-49",41,43827
"67000280","2000-2004","50-54",61,42380
"67000280","2000-2004","55-59",18,14403
"67000280","2000-2004","60-64",167,107461
"67000280","2000-2004","65-69",55,28929
"67000280","2000-2004","70-74",39,20485
"67000280","2000-2004","75-79",75,26718
"67000280","2000-2004","80-84",35,11727
"67000280","2005-2009","40-44",12,21045
"67000280","2005-2009","45-49",17,26381
"67000280","2005-2009","50-54",47,33892
"67000280","2005-2009","55-59",277,167840
"67000280","2005-2009","60-64",281,153959
"67000280","2005-2009","65-69",99,43316
"67000280","2005-2009","70-74",248,104885
"67000280","2005-2009","75-79",86,31471
"67000280","2005-2009","80-84",7,2669
"67000280","2010-2014","40-44",57,139178
"67000280","2010-2014","45-49",14,21231
"67000280","2010-2014","50-54",44,42220
"67000280","2010-2014","55-59",35,19487
"67000280","2010-2014","60-64",28,14275
"67000280","2010-2014","65-69",167,64747
"67000280","2010-2014","70-74",61,19986
"67000280","2010-2014","75-79",126,43274
"67000280","2010-2014","80-84",59,17246
"67000280","2015-2019","40-44",11,27576
"67000280","2015-2019","45-49",19,38763
"67000280","2015-2019","50-54",10,12587
"67000280","2015-2019","55-59",56,31879
"67000280","2015-2019","60-64",77,33090
"67000280","2015-2019","65-69",124,42075
"67000280","2015-2019","70-74",163,43426
"67000280","2015-2019","75-79",92,24758
"67000280","2015-2019","80-84",42,7928
"67000290","1995-1999","40-44",452,602099
"67000290","1995-1999","45-49",27,31136
"67000290","1995-1999","50-54",19,13144
"67000290","1995-1999","55-59",54,45150
"67000290","1995-1999","60-64",40,29139
"67000290","1995-1999","65-69",34,27206
"67000290","1995-1999","70-74",250,143333
"67000290","1995-1999","75-79",66,32039
"67000290","1995-1999","80-84",114,35248
"67000290","2000-2004","40-44",21,38815
"67000290","2000-2004","45-49",10,8562
"67000290","2000-2004","50-54",66,48260
"67000290","2000-2004","55-59",49,35093
"67000290","2000-2004","60-64",43,25074
"67000290","2000-2004","65-69",369,185587
"67000290","2000-2004","70-74",42,20769
"67000290","2000-2004","75-79",45,21358
"67000290","2000-2004","80-84",95,29388
"67000290","2005-2009","40-44",14,31129
"67000290","2005-2009","45-49",170,198365
"67000290","2005-2009","50-54",35,30151
"67000290","2005-2009","55-59",9,11745
"67000290","2005-2009","60-64",58,31765
"67000290","2005-2009","65-69",56,24842
"67000290","2005-2009","70-74",58,20375
"67000290","2005-2009","75-79",204,74813
"67000290","2005-2009","80-84",47,15447
"67000290","2010-2014","40-44",11,31976
"67000290","2010-2014","45-49",35,64073
"67000290","2010-2014","50-54",52,47619
"67000290","2010-2014","55-59",44,24685
"67000290","2010-2014","60-64",126,54288
"67000290","2010-2014","65-69",75,30506
"67000290","2010-2014","70-74",106,30736
"67000290","2010-2014","75-79",195,61161
"67000290","2010-2014","80-84",44,12369
"67000290","2015-2019","40-44",7,33769
"67000290","2015-2019","45-49",0,2264
"67000290","2015-2019","50-54",23,23014
"67000290","2015-2019","55-59",26,16033
"67000290","2015-2019","60-64",31,11280
"67000290","2015-2019","65-69",91,34702
"67000290","2015-2019","70-74",174,49481
"67000290","2015-2019","75-79",127,28976
"67000290","2015-2019","80-84",101,25224
"67000300","1995-1999","40-44",12,19649
"67000300","1995-1999","45-49",79,70475
"67000300","1995-1999","50-54",63,49644
"67000300","1995-1999","55-59",7,5961
"67000300","1995-1999","60-64",35,28978
"67000300","1995-1999","65-69",151,97524
"67000300","1995-1999","70-74",35,18020
"67000300","1995-1999","75-79",127,51820
"67000300","1995-1999","80-84",236,63693
"67000300","2000-2004","40-44",26,42734
"67000300","2000-2004","45-49",53,64001
"67000300","2000-2004","50-54",53,44824
"67000300","2000-2004","55-59",124,79283
"67000300","2000-2004","60-64",45,28019
"67000300","2000-2004","65-69",106,57283
"67000300","2000-2004","70-74",85,43712
"67000300","2000-2004","75-79",204,88345
"67000300","2000-2004","80-84",58,20989
"67000300","2005-2009","40-44",16,40112
"67000300","2005-2009","45-49",22,27941
"67000300","2005-2009","50-54",98,90410
"67000300","2005-2009","55-59",16,11409
"67000300","2005-2009","60-64",57,32332
"67000300","2005-2009","65-69",45,17643
"67000300","2005-2009","70-74",268,99432
"67000300","2005-2009","75-79",182,69004
"67000300","2005-2009","80-84",80,26807
"67000300","2010-2014","40-44",66,149073
"67000300","2010-2014","45-49",7,12853
"67000300","2010-2014","50-54",115,104162
"67000300","2010-2014","55-59",14,6082
"67000300","2010-2014","60-64",220,109150
"67000300","2010-2014","65-69",111,36856
"67000300","2010-2014","70-74",223,83574
"67000300","2010-2014","75-79",331,99101
"67000300","2010-2014","80-84",219,56931
"67000300","2015-2019","40-44",24,88431
"67000300","2015-2019","45-49",59,99183
"67000300","2015-2019","50-54",11,17088
"67000300","2015-2019","55-59",30,23519
"67000300","2015-2019","60-64",144,77335
"67000300","2015-2019","65-69",22,6629
"67000300","2015-2019","70-74",18,5086
"67000300","2015-2019","75-79",54,14814
"67000300","2015-2019","80-84",48,13282
"67000310","1995-1999","40-44",50,81265
"67000310","1995-1999","45-49",20,23656
"67000310","1995-1999","50-54",73,79809
"67000310","1995-1999","55-59",57,29538
"67000310","1995-1999","60-64",264,136934
"67000310","1995-1999","65-69",122,54140
"67000310","1995-1999","70-74",27,8239
"67000310","1995-1999","75-79",181,64681
"67000310","1995-1999","80-84",534,137629
"67000310","2000-2004","40-44",47,81090
"67000310","2000-2004","45-49",24,34030
"67000310","2000-2004","50-54",225,186794
"67000310","2000-2004","55-59",65,42903
"67000310","2000-2004","60-64",33,19048
"67000310","2000-2004","65-69",410,157961
"67000310","2000-2004","70-74",26,12577
"67000310","2000-2004","75-79",45,17855
"67000310","2000-2004","80-84",80,22936
"67000310","2005-2009","40-44",73,174949
"67000310","2005-2009","45-49",20,28719
"67000310","2005-2009","50-54",25,27900
"67000310","2005-2009","55-59",39,37294
"67000310","2005-2009","60-64",18,9178
"67000310","2005-2009","65-69",86,35190
"67000310","2005-2009","70-74",55,21071
"67000310","2005-2009","75-79",336,102290
"67000310","2005-2009","80-84",106,28223
"67000310","2010-2014","40-44",14,34454
"67000310","2010-2014","45-49",83,136545
"67000310","2010-2014","50-54",14,11482
"67000310","2010-2014","55-59",67,55567
"67000310","2010-2014","60-64",151,73313
"67000310","2010-2014","65-69",25,11176
"67000310","2010-2014","70-74",1362,379393
"67000310","2010-2014","75-79",352,87990
"67000310","2010-2014","80-84",354,69258
"67000310","2015-2019","40-44",16,45882
"67000310","2015-2019","45-49",89,209301
"67000310","2015-2019","50-54",5,6626
"67000310","2015-2019","55-59",7,8184
"67000310","2015-2019","60-64",46,25700
"67000310","2015-2019","65-69",106,37447
"67000310","2015-2019","70-74",16,5722
"67000310","2015-2019","75-79",305,69101
"67000310","2015-2019","80-84",176,38089
"67000320","1995-1999","40-44",8,10187
"67000320","1995-1999","45-49",20,20720
"67000320","1995-1999","50-54",143,130052
"67000320","1995-1999","55-59",78,69499
"67000320","1995-1999","60-64",65,44652
"67000320","1995-1999","65-69",37,18516
"67000320","1995-1999","70-74",42,23792
"67000320","1995-1999","75-79",89,38450
"67000320","1995-1999","80-84",88,22748
"67000320","2000-2004","40-44",6,9609
"67000320","2000-2004","45-49",89,90149
"67000320","2000-2004","50-54",171,118872
"67000320","2000-2004","55-59",57,33234
"67000320","2000-2004","60-64",82,50419
"67000320","2000-2004","65-69",165,85627
"67000320","2000-2004","70-74",87,36665
"67000320","2000-2004","75-79",213,90534
"67000320","2000-2004","80-84",41,15264
"67000320","2005-2009","40-44",17,49423
"67000320","2005-2009","45-49",18,27512
"67000320","2005-2009","50-54",78,67991
"67000320","2005-2009","55-59",42,30215
"67000320","2005-2009","60-64",29,14056
"67000320","2005-2009","65-69",17,6786
"67000320","2005-2009","70-74",225,89993
"67000320","2005-2009","75-79",246,88010
"67000320","2005-2009","80-84",71,22418
"67000320","2010-2014","40-44",10,23123
"67000320","2010-2014","45-49",30,42756
"67000320","2010-2014","50-54",113,105664
"67000320","2010-2014","55-59",144,98340
"67000320","2010-2014","60-64",30,16357
"67000320","2010-2014","65-69",184,68101
"67000320","2010-2014","70-74",82,26418
"67000320","2010-2014","75-79",87,25919
"67000320","2010-2014","80-84",44,12087
"67000320","2015-2019","40-44",9,22624
"67000320","2015-2019","45-49",21,44539
"67000320","2015-2019","50-54",15,18284
"67000320","2015-2019","55-59",25,14559
"67000320","2015-2019","60-64",162,78180
"67000320","2015-2019","65-69",275,102912
"67000320","2015-2019","70-74",45,11494
"67000320","2015-2019","75-79",353,82568
"67000320","2015-2019","80-84",176,37283
"67000330","1995-1999","40-44",8,12245
"67000330","1995-1999","45-49",11,14185
"67000330","1995-1999","50-54",97,104640
"67000330","1995-1999","55-59",111,96649
"67000330","1995-1999","60-64",12,9067
"67000330","1995-1999","65-69",108,100969
"67000330","1995-1999","70-74",92,51823
"67000330","1995-1999","75-79",25,15079
"67000330","1995-1999","80-84",163,56023
"67000330","2000-2004","40-44",17,31729
"67000330","2000-2004","45-49",6,2847
"67000330","2000-2004","50-54",67,63941
"67000330","2000-2004","55-59",15,13787
"67000330","2000-2004","60-64",41,26241
"67000330","2000-2004","65-69",56,32142
"67000330","2000-2004","70-74",100,50601
"67000330","2000-2004","75-79",78,29538
"67000330","2000-2004","80-84",59,22184
"67000330","2005-2009","40-44",6,19020
"67000330","2005-2009","45-49",51,41908
"67000330","2005-2009","50-54",23,19739
"67000330","2005-2009","55-59",134,77934
"67000330","2005-2009","60-64",119,73830
"67000330","2005-2009","65-69",47,28674
"67000330","2005-2009","70-74",97,39630
"67000330","2005-2009","75-79",284,121034
"67000330","2005-2009","80-84",160,58957
"67000330","2010-2014","40-44",18,49729
"67000330","2010-2014","45-49",71,108844
"67000330","2010-2014","50-54",25,18351
"67000330","2010-2014","55-59",12,12240
"67000330","2010-2014","60-64",139,65586
"67000330","2010-2014","65-69",265,104776
"67000330","2010-2014","70-74",98,39286
"67000330","2010-2014","75-79",128,40971
"67000330","2010-2014","80-84",181,50638
"67000330","2015-2019","40-44",47,103416
"67000330","2015-2019","45-49",49,73508
"67000330","2015-2019","50-54",156,162522
"67000330","2015-2019","55-59",47,38388
"67000330","2015-2019","60-64",42,21988
"67000330","2015-2019","65-69",53,17976
"67000330","2015-2019","70-74",64,21453
"67000330","2015-2019","75-79",113,36427
"67000330","2015-2019","80-84",307,69124
"67000340","1995-1999","40-44",21,35714
"67000340","1995-1999","45-49",21,20671
"67000340","1995-1999","50-54",123,99327
"67000340","1995-1999","55-59",82,57347
"67000340","1995-1999","60-64",97,56115
"67000340","1995-1999","65-69",39,24731
"67000340","1995-1999","70-74",140,74737
"67000340","1995-1999","75-79",172,71721
"67000340","1995-1999","80-84",106,28089
"67000340","2000-2004","40-44",19,32215
"67000340","2000-2004","45-49",3,8477
"67000340","2000-2004","50-54",26,28520
"67000340","2000-2004","55-59",34,21170
"67000340","2000-2004","60-64",163,89055
"67000340","2000-2004","65-69",114,49764
"67000340","2000-2004","70-74",178,71061
"67000340","2000-2004","75-79",28,10308
"67000340","2000-2004","80-84",286,81053
"67000340","2005-2009","40-44",11,16704
"67000340","2005-2009","45-49",34,47006
"67000340","2005-2009","50-54",105,76922
"67000340","2005-2009","55-59",34,20209
"67000340","2005-2009","60-64",94,45365
"67000340","2005-2009","65-69",70,27463
"67000340","2005-2009","70-74",26,8349
"67000340","2005-2009","75-79",44,13234
"67000340","2005-2009","80-84",218,64624
"67000340","2010-2014","40-44",30,66058
"67000340","2010-2014","45-49",28,61275
"67000340","2010-2014","50-54",20,20747
"67000340","2010-2014","55-59",31,16657
"67000340","2010-2014","60-64",21,8376
"67000340","2010-2014","65-69",24,8885
"67000340","2010-2014","70-74",171,54731
"67000340","2010-2014","75-79",91,24140
"67000340","2010-2014","80-84",162,37975
"67000340","2015-2019","40-44",10,18458
"67000340","2015-2019","45-49",36,76881
"67000340","2015-2019","50-54",16,31230
"67000340","2015-2019","55-59",47,35636
"67000340","2015-2019","60-64",85,37276
"67000340","2015-2019","65-69",168,56541
"67000340","2015-2019","70-74",33,8942
"67000340","2015-2019","75-79",30,6165
"67000340","2015-2019","80-84",138,30272
"67000350","1995-1999","40-44",16,29006
"67000350","1995-1999","45-49",37,35387
"67000350","1995-1999","50-54",35,29338
"67000350","1995-1999","55-59",40,37804
"67000350","1995-1999","60-64",150,106001
"67000350","1995-1999","65-69",97,61488
"67000350","1995-1999","70-74",69,32975
"67000350","1995-1999","75-79",111,38667
"67000350","1995-1999","80-84",83,22857
"67000350","2000-2004","40-44",28,56266
"67000350","2000-2004","45-49",39,33735
"67000350","2000-2004","50-54",41,30763
"67000350","2000-2004","55-59",5,4995
"67000350","2000-2004","60-64",50,27654
"67000350","2000-2004","65-69",16,12811
"67000350","2000-2004","70-74",256,103230
"67000350","2000-2004","75-79",272,114660
"67000350","2000-2004","80-84",272,78785
"67000350","2005-2009","40-44",110,222986
"67000350","2005-2009","45-49",59,62564
"67000350","2005-2009","50-54",18,16010
"67000350","2005-2009","55-59",50,22987
"67000350","2005-2009","60-64",26,10825
"67000350","2005-2009","65-69",33,12942
"67000350","2005-2009","70-74",131,45699
"67000350","2005-2009","75-79",19,6223
"67000350","2005-2009","80-84",949,293377
"67000350","2010-2014","40-44",5,14442
"67000350","2010-2014","45-49",6,14700
"67000350","2010-2014","50-54",78,71800
"67000350","2010-2014","55-59",168,105352
"67000350","2010-2014","60-64",75,35516
"67000350","2010-2014","65-69",116,50118
"67000350","2010-2014","70-74",89,25147
"67000350","2010-2014","75-79",146,42332
"67000350","2010-2014","80-84",171,38815
"67000350","2015-2019","40-44",53,180626
"67000350","2015-2019","45-49",17,31526
"67000350","2015-2019","50-54",18,28846
"67000350","2015-2019","55-59",41,29428
"67000350","2015-2019","60-64",158,78040
"67000350","2015-2019","65-69",60,16815
"67000350","2015-2019","70-74",246,76960
"67000350","2015-2019","75-79",28,7756
"67000350","2015-2019","80-84",305,63651
"67000360","1995-1999","40-44",17,23421
"67000360","1995-1999","45-49",51,61514
"67000360","1995-1999","50-54",8,7407
"67000360","1995-1999","55-59",15,12035
"67000360","1995-1999","60-64",171,132496
"67000360","1995-1999","65-69",127,96612
"67000360","1995-1999","70-74",18,12603
"67000360","1995-1999","75-79",24,10670
"67000360","1995-1999","80-84",157,51840
"67000360","2000-2004","40-44",20,19069
"67000360","2000-2004","45-49",15,20465
"67000360","2000-2004","50-54",15,11081
"67000360","2000-2004","55-59",60,36220
"67000360","2000-2004","60-64",4,6927
"67000360","2000-2004","65-69",103,58559
"67000360","2000-2004","70-74",192,97710
"67000360","2000-2004","75-79",123,63032
"67000360","2000-2004","80-84",151,56056
"67000360","2005-2009","40-44",45,62832
"67000360","2005-2009","45-49",127,137106
"67000360","2005-2009","50-54",51,37450
"67000360","2005-2009","55-59",68,50629
"67000360","2005-2009","60-64",97,53345
"67000360","2005-2009","65-69",72,34367
"67000360","2005-2009","70-74",14,6177
"67000360","2005-2009","75-79",131,44991
"67000360","2005-2009","80-84",90,25901
"67000360","2010-2014","40-44",23,43722
"67000360","2010-2014","45-49",10,19228
"67000360","2010-2014","50-54",18,18989
"67000360","2010-2014","55-59",33,18468
"67000360","2010-2014","60-64",165,74030
"67000360","2010-2014","65-69",72,32201
"67000360","2010-2014","70-74",25,8788
"67000360","2010-2014","75-79",57,17300
"67000360","2010-2014","80-84",433,131672
"67000360","2015-2019","40-44",28,81727
"67000360","2015-2019","45-49",39,63642
"67000360","2015-2019","50-54",115,114647
"67000360","2015-2019","55-59",40,21981
"67000360","2015-2019","60-64",68,36992
"67000360","2015-2019","65-69",216,82923
"67000360","2015-2019","70-74",338,108363
"67000360","2015-2019","75-79",152,34166
"67000360","2015-2019","80-84",196,55198
"67000370","1995-1999","40-44",3,11828
"67000370","1995-1999","45-49",8,13680
"67000370","1995-1999","50-54",100,93290
"67000370","1995-1999","55-59",59,41832
"67000370","1995-1999","60-64",84,64315
"67000370","1995-1999","65-69",49,24496
"67000370","1995-1999","70-74",42,24568
"67000370","1995-1999","75-79",198,76704
"67000370","1995-1999","80-84",271,90448
"67000370","2000-2004","40-44",20,31101
"67000370","2000-2004","45-49",20,19927
"67000370","2000-2004","50-54",13,12154
"67000370","2000-2004","55-59",86,53741
"67000370","2000-2004","60-64",60,35740
"67000370","2000-2004","65-69",40,26875
"67000370","2000-2004","70-74",146,70694
"67000370","2000-2004","75-79",60,26575
"67000370","2000-2004","80-84",44,18829
"67000370","2005-2009","40-44",10,17579
"67000370","2005-2009","45-49",37,42901
"67000370","2005-2009","50-54",38,35193
"67000370","2005-2009","55-59",75,47271
"67000370","2005-2009","60-64",67,33600
"67000370","2005-2009","65-69",554,256565
"67000370","2005-2009","70-74",71,30691
"67000370","2005-2009","75-79",171,58748
"67000370","2005-2009","80-84",615,196125
"67000370","2010-2014","40-44",3,16905
"67000370","2010-2014","45-49",12,24736
"67000370","2010-2014","50-54",42,35930
"67000370","2010-2014","55-59",27,17488
"67000370","2010-2014","60-64",45,17571
"67000370","2010-2014","65-69",37,18026
"67000370","2010-2014","70-74",115,40172
"67000370","2010-2014","75-79",481,138181
"67000370","2010-2014","80-84",91,23331
"67000370","2015-2019","40-44",2,4982
"67000370","2015-2019","45-49",6,13891
"67000370","2015-2019","50-54",41,39854
"67000370","2015-2019","55-59",23,16752
"67000370","2015-2019","60-64",9,4146
"67000370","2015-2019","65-69",40,14870
"67000370","2015-2019","70-74",299,81337
"67000370","2015-2019","75-79",65,15793
"67000370","2015-2019","80-84",220,50240
